year,generation,spsum,year_gen,site,trap,setdate,coldate,daysout,fract_count_bg,fract_count_sm,bgch,smch,bgch_tot,smch_tot,set
2008,19,Overwintering,2008_Overwintering,1,1,2008-05-24,2008-06-01,8,1,1,NA,NA,NA,NA,1
2008,19,Overwintering,2008_Overwintering,1,2,2008-05-24,2008-06-01,8,1,1,101,15,101,15,2
2008,19,Overwintering,2008_Overwintering,2,1,2008-05-24,2008-06-01,8,1,1,NA,NA,NA,NA,3
2008,19,Overwintering,2008_Overwintering,2,2,2008-05-24,2008-06-01,8,1,1,19,58,19,58,4
2008,19,Overwintering,2008_Overwintering,3,1,2008-05-24,2008-06-01,8,1,1,127,5,127,5,5
2008,19,Overwintering,2008_Overwintering,3,2,2008-05-24,2008-06-01,8,1,1,106,6,106,6,1
2008,19,Overwintering,2008_Overwintering,4,1,2008-05-24,2008-06-01,8,1,1,119,44,119,44,2
2008,19,Overwintering,2008_Overwintering,4,2,2008-05-24,2008-06-01,8,1,1,30,123,30,123,3
2008,19,Overwintering,2008_Overwintering,5,1,2008-05-24,2008-06-01,8,1,1,72,3945.885006,72,3945.885006,4
2008,19,Overwintering,2008_Overwintering,5,2,2008-05-24,2008-06-01,8,1,1,61,2118.380062,61,2118.380062,5
2008,19,Overwintering,2008_Overwintering,6,1,2008-05-24,2008-06-01,8,1,1,62,4716.272078,62,4716.272078,1
2008,19,Overwintering,2008_Overwintering,6,2,2008-05-24,2008-06-01,8,1,1,128,4396.843292,128,4396.843292,2
2008,19,Overwintering,2008_Overwintering,1,1,2008-06-01,2008-06-10,9,1,1,3,3471.29506,3,3471.29506,3
2008,19,Overwintering,2008_Overwintering,1,2,2008-06-01,2008-06-10,9,1,1,1,4939.919893,1,4939.919893,4
2008,19,Overwintering,2008_Overwintering,2,1,2008-06-01,2008-06-10,9,1,1,34,1773.76926,34,1773.76926,5
2008,19,Overwintering,2008_Overwintering,2,2,2008-06-01,2008-06-10,9,1,1,32,2339.34611,32,2339.34611,1
2008,19,Overwintering,2008_Overwintering,3,1,2008-06-01,2008-06-10,9,1,1,25,476,25,476,2
2008,19,Overwintering,2008_Overwintering,3,2,2008-06-01,2008-06-10,9,1,1,8,1280.707882,8,1280.707882,3
2008,19,Overwintering,2008_Overwintering,4,1,2008-06-01,2008-06-10,9,1,1,7,2066.892146,7,2066.892146,4
2008,19,Overwintering,2008_Overwintering,4,2,2008-06-01,2008-06-10,9,1,1,4,2251.891411,4,2251.891411,5
2008,19,Overwintering,2008_Overwintering,5,1,2008-06-01,2008-06-10,9,1,1,0,466,0,466,1
2008,19,Overwintering,2008_Overwintering,5,2,2008-06-01,2008-06-10,9,1,1,11,1638.481774,11,1638.481774,2
2008,19,Overwintering,2008_Overwintering,6,1,2008-06-01,2008-06-10,9,1,1,NA,NA,NA,NA,3
2008,19,Overwintering,2008_Overwintering,6,2,2008-06-01,2008-06-10,9,1,1,60,1277.715145,60,1277.715145,4
2008,19,Overwintering,2008_Overwintering,1,1,2008-06-10,2008-06-14,4,1,1,0,3482.4001,0,3482.4001,5
2008,19,Overwintering,2008_Overwintering,1,2,2008-06-10,2008-06-14,4,1,1,NA,NA,NA,NA,1
2008,19,Overwintering,2008_Overwintering,2,1,2008-06-10,2008-06-14,4,1,1,0,1585.869974,0,1585.869974,2
2008,19,Overwintering,2008_Overwintering,2,2,2008-06-10,2008-06-14,4,1,1,5,381,5,381,3
2008,19,Overwintering,2008_Overwintering,3,1,2008-06-10,2008-06-14,4,1,1,NA,NA,NA,NA,4
2008,19,Overwintering,2008_Overwintering,3,2,2008-06-10,2008-06-14,4,1,1,1,2501.112595,1,2501.112595,5
2008,19,Overwintering,2008_Overwintering,4,1,2008-06-10,2008-06-20,10,1,1,1,405,1,405,1
2008,19,Overwintering,2008_Overwintering,4,2,2008-06-10,2008-06-20,10,1,1,6,332,6,332,2
2008,19,Overwintering,2008_Overwintering,5,1,2008-06-10,2008-06-20,10,1,1,0,16,0,16,3
2008,19,Overwintering,2008_Overwintering,5,2,2008-06-10,2008-06-20,10,1,1,0,12,0,12,4
2008,19,Overwintering,2008_Overwintering,6,1,2008-06-10,2008-06-20,10,1,1,18,32,18,32,5
2008,19,Overwintering,2008_Overwintering,6,2,2008-06-10,2008-06-20,10,1,1,22,53,22,53,1
2008,19,Overwintering,2008_Overwintering,1,1,2008-06-14,2008-06-20,6,1,1,1,64,1,64,2
2008,19,Overwintering,2008_Overwintering,1,2,2008-06-14,2008-06-20,6,1,1,NA,NA,NA,NA,3
2008,19,Overwintering,2008_Overwintering,2,1,2008-06-14,2008-06-20,6,1,1,2,226,2,226,4
2008,19,Overwintering,2008_Overwintering,2,2,2008-06-14,2008-06-20,6,1,1,1,385,1,385,5
2008,19,Overwintering,2008_Overwintering,3,1,2008-06-14,2008-06-20,6,1,1,3,40,3,40,1
2008,19,Overwintering,2008_Overwintering,3,2,2008-06-14,2008-06-20,6,1,1,0,7,0,7,2
2008,19,Overwintering,2008_Overwintering,1,1,2008-06-20,2008-07-03,13,1,1,0,13,0,13,3
2008,19,Overwintering,2008_Overwintering,1,2,2008-06-20,2008-07-03,13,1,1,0,0,0,0,4
2008,19,Overwintering,2008_Overwintering,2,1,2008-06-20,2008-07-03,13,1,1,0,6,0,6,5
2008,19,Overwintering,2008_Overwintering,2,2,2008-06-20,2008-07-03,13,1,1,1,11,1,11,1
2008,19,Overwintering,2008_Overwintering,3,1,2008-06-20,2008-07-03,13,1,1,0,2,0,2,2
2008,19,Overwintering,2008_Overwintering,3,2,2008-06-20,2008-07-03,13,1,1,0,2,0,2,3
2008,19,Overwintering,2008_Overwintering,4,1,2008-06-20,2008-07-03,13,1,1,0,9,0,9,4
2008,19,Overwintering,2008_Overwintering,4,2,2008-06-20,2008-07-03,13,1,1,0,2,0,2,5
2008,19,Overwintering,2008_Overwintering,5,1,2008-06-20,2008-07-03,13,1,1,0,3,0,3,1
2008,19,Overwintering,2008_Overwintering,5,2,2008-06-20,2008-07-03,13,1,1,0,1,0,1,2
2008,19,Overwintering,2008_Overwintering,6,1,2008-06-20,2008-07-03,13,1,1,0,10,0,10,3
2008,19,Overwintering,2008_Overwintering,6,2,2008-06-20,2008-07-03,13,1,1,5,0,5,0,4
2008,20,Summer,2008_Summer,1,1,2008-07-03,2008-07-19,16,1,1,0,35,0,35,1
2008,20,Summer,2008_Summer,1,2,2008-07-03,2008-07-19,16,1,1,0,46,0,46,2
2008,20,Summer,2008_Summer,2,1,2008-07-03,2008-07-19,16,1,1,0,11,0,11,3
2008,20,Summer,2008_Summer,2,2,2008-07-03,2008-07-19,16,1,1,0,9,0,9,1
2008,20,Summer,2008_Summer,3,1,2008-07-03,2008-07-19,16,1,1,0,17,0,17,2
2008,20,Summer,2008_Summer,3,2,2008-07-03,2008-07-19,16,1,1,0,23,0,23,3
2008,20,Summer,2008_Summer,4,1,2008-07-03,2008-07-19,16,1,1,0,8,0,8,1
2008,20,Summer,2008_Summer,4,2,2008-07-03,2008-07-19,16,1,1,0,12,0,12,2
2008,20,Summer,2008_Summer,5,1,2008-07-03,2008-07-19,16,1,1,0,66,0,66,3
2008,20,Summer,2008_Summer,5,2,2008-07-03,2008-07-19,16,1,1,0,64,0,64,1
2008,20,Summer,2008_Summer,6,1,2008-07-03,2008-07-19,16,1,1,0,9,0,9,2
2008,20,Summer,2008_Summer,6,2,2008-07-03,2008-07-19,16,1,1,0,6,0,6,3
2008,20,Summer,2008_Summer,1,1,2008-07-19,2008-07-29,10,1,1,0,53,0,53,1
2008,20,Summer,2008_Summer,1,2,2008-07-19,2008-07-29,10,1,1,0,135,0,135,2
2008,20,Summer,2008_Summer,2,1,2008-07-19,2008-07-29,10,1,1,0,29,0,29,3
2008,20,Summer,2008_Summer,2,2,2008-07-19,2008-07-29,10,1,1,0,38,0,38,1
2008,20,Summer,2008_Summer,3,1,2008-07-19,2008-07-29,10,1,1,0,221,0,221,2
2008,20,Summer,2008_Summer,3,2,2008-07-19,2008-07-29,10,1,1,0,433,0,433,3
2008,20,Summer,2008_Summer,4,1,2008-07-19,2008-07-29,10,1,1,0,46,0,46,1
2008,20,Summer,2008_Summer,4,2,2008-07-19,2008-07-29,10,1,1,0,16,0,16,2
2008,20,Summer,2008_Summer,5,1,2008-07-19,2008-07-29,10,1,1,0,49,0,49,3
2008,20,Summer,2008_Summer,5,2,2008-07-19,2008-07-29,10,1,1,0,132,0,132,1
2008,20,Summer,2008_Summer,6,1,2008-07-19,2008-07-29,10,1,1,0,134,0,134,2
2008,20,Summer,2008_Summer,6,2,2008-07-19,2008-07-29,10,1,1,0,208,0,208,3
2008,20,Summer,2008_Summer,1,1,2008-07-29,2008-08-04,6,1,1,0,141,0,141,1
2008,20,Summer,2008_Summer,1,2,2008-07-29,2008-08-04,6,1,1,0,116,0,116,2
2008,20,Summer,2008_Summer,2,1,2008-07-29,2008-08-04,6,1,1,0,8,0,8,3
2008,20,Summer,2008_Summer,2,2,2008-07-29,2008-08-04,6,1,1,0,134,0,134,1
2008,20,Summer,2008_Summer,3,1,2008-07-29,2008-08-04,6,1,1,0,1030.387705,0,1030.387705,2
2008,20,Summer,2008_Summer,3,2,2008-07-29,2008-08-04,6,1,1,0,142,0,142,3
2008,20,Summer,2008_Summer,4,1,2008-07-29,2008-08-04,6,1,1,0,4,0,4,1
2008,20,Summer,2008_Summer,4,2,2008-07-29,2008-08-04,6,1,1,0,1,0,1,2
2008,20,Summer,2008_Summer,5,1,2008-07-29,2008-08-04,6,1,1,0,12,0,12,3
2008,20,Summer,2008_Summer,5,2,2008-07-29,2008-08-04,6,1,1,0,70,0,70,1
2008,20,Summer,2008_Summer,6,1,2008-07-29,2008-08-04,6,1,1,0,333,0,333,2
2008,20,Summer,2008_Summer,6,2,2008-07-29,2008-08-04,6,1,1,0,79,0,79,3
2009,21,Overwintering,2009_Overwintering,2,1,2009-05-22,2009-06-01,10,1,1,20,0,20,0,1
2009,21,Overwintering,2009_Overwintering,2,2,2009-05-22,2009-06-01,10,1,1,2,1,2,1,2
2009,21,Overwintering,2009_Overwintering,3,1,2009-05-22,2009-06-01,10,1,1,18,0,18,0,3
2009,21,Overwintering,2009_Overwintering,3,2,2009-05-22,2009-06-01,10,1,1,9,0,9,0,4
2009,21,Overwintering,2009_Overwintering,4,1,2009-05-22,2009-06-01,10,1,1,11,20,11,20,1
2009,21,Overwintering,2009_Overwintering,4,2,2009-05-22,2009-06-01,10,1,1,7,25,7,25,2
2009,21,Overwintering,2009_Overwintering,5,1,2009-05-22,2009-06-01,10,1,1,12,15,12,15,3
2009,21,Overwintering,2009_Overwintering,5,2,2009-05-22,2009-06-01,10,1,1,0,6,0,6,4
2009,21,Overwintering,2009_Overwintering,1,1,2009-05-30,2009-06-01,10,1,1,NA,NA,NA,NA,1
2009,21,Overwintering,2009_Overwintering,1,2,2009-05-30,2009-06-01,10,1,1,NA,NA,NA,NA,2
2009,21,Overwintering,2009_Overwintering,6,1,2009-05-30,2009-06-01,10,1,1,NA,NA,NA,NA,3
2009,21,Overwintering,2009_Overwintering,6,2,2009-05-30,2009-06-01,10,1,1,NA,NA,NA,NA,4
2009,21,Overwintering,2009_Overwintering,1,1,2009-06-01,2009-06-08,7,1,1,6,6,6,6,1
2009,21,Overwintering,2009_Overwintering,1,2,2009-06-01,2009-06-08,7,1,1,4,5,4,5,2
2009,21,Overwintering,2009_Overwintering,2,1,2009-06-01,2009-06-08,7,1,1,65,436,65,436,3
2009,21,Overwintering,2009_Overwintering,2,2,2009-06-01,2009-06-08,7,1,1,51,302,51,302,4
2009,21,Overwintering,2009_Overwintering,3,1,2009-06-01,2009-06-08,7,1,0.17178,54,212,54,1234.136686459425,1
2009,21,Overwintering,2009_Overwintering,3,2,2009-06-01,2009-06-08,7,1,0.11452,65,202,65,1763.8840377226686,2
2009,21,Overwintering,2009_Overwintering,4,1,2009-06-01,2009-06-08,7,1,1,30,215,30,215,3
2009,21,Overwintering,2009_Overwintering,4,2,2009-06-01,2009-06-08,7,1,1,103,303,103,303,4
2009,21,Overwintering,2009_Overwintering,5,1,2009-06-01,2009-06-08,7,1,1,237,259,237,259,1
2009,21,Overwintering,2009_Overwintering,5,2,2009-06-01,2009-06-08,7,1,1,168,122,168,122,2
2009,21,Overwintering,2009_Overwintering,6,1,2009-06-01,2009-06-08,7,1,1,26,11,26,11,3
2009,21,Overwintering,2009_Overwintering,6,2,2009-06-01,2009-06-08,7,1,1,18,3,18,3,4
2009,21,Overwintering,2009_Overwintering,1,1,2009-06-08,2009-06-15,7,1,1,0,2,0,2,1
2009,21,Overwintering,2009_Overwintering,1,2,2009-06-08,2009-06-15,7,1,1,1,0,1,0,2
2009,21,Overwintering,2009_Overwintering,2,1,2009-06-08,2009-06-15,7,1,1,0,552,0,552,3
2009,21,Overwintering,2009_Overwintering,2,2,2009-06-08,2009-06-15,7,1,1,1,486,1,486,4
2009,21,Overwintering,2009_Overwintering,3,1,2009-06-08,2009-06-15,7,1,0.17178,7,292,7,1699.8486436139249,1
2009,21,Overwintering,2009_Overwintering,3,2,2009-06-08,2009-06-15,7,1,0.11452,4,288,4,2514.8445686343,2
2009,21,Overwintering,2009_Overwintering,4,1,2009-06-08,2009-06-15,7,1,1,0,82,0,82,3
2009,21,Overwintering,2009_Overwintering,4,2,2009-06-08,2009-06-15,7,1,1,1,57,1,57,4
2009,21,Overwintering,2009_Overwintering,5,1,2009-06-08,2009-06-15,7,1,1,11,60,11,60,1
2009,21,Overwintering,2009_Overwintering,5,2,2009-06-08,2009-06-15,7,1,1,10,12,10,12,2
2009,21,Overwintering,2009_Overwintering,6,1,2009-06-08,2009-06-15,7,1,1,0,3,0,3,3
2009,21,Overwintering,2009_Overwintering,6,2,2009-06-08,2009-06-15,7,1,1,0,1,0,1,4
2009,21,Overwintering,2009_Overwintering,1,1,2009-06-15,2009-06-26,11,1,1,0,1,0,1,1
2009,21,Overwintering,2009_Overwintering,1,2,2009-06-15,2009-06-26,11,1,1,0,2,0,2,2
2009,21,Overwintering,2009_Overwintering,2,1,2009-06-15,2009-06-26,11,1,1,0,50,0,50,3
2009,21,Overwintering,2009_Overwintering,2,2,2009-06-15,2009-06-26,11,1,1,0,42,0,42,4
2009,21,Overwintering,2009_Overwintering,3,1,2009-06-15,2009-06-26,11,1,1,0,24,0,24,1
2009,21,Overwintering,2009_Overwintering,3,2,2009-06-15,2009-06-26,11,1,1,0,11,0,11,2
2009,21,Overwintering,2009_Overwintering,4,1,2009-06-15,2009-06-26,11,1,1,0,46,0,46,3
2009,21,Overwintering,2009_Overwintering,4,2,2009-06-15,2009-06-26,11,1,1,0,59,0,59,4
2009,21,Overwintering,2009_Overwintering,5,1,2009-06-15,2009-06-26,11,1,1,0,4,0,4,1
2009,21,Overwintering,2009_Overwintering,5,2,2009-06-15,2009-06-26,11,1,1,0,5,0,5,2
2009,21,Overwintering,2009_Overwintering,6,1,2009-06-15,2009-06-26,11,1,1,2,0,2,0,3
2009,21,Overwintering,2009_Overwintering,6,2,2009-06-15,2009-06-26,11,1,1,0,0,0,0,4
2009,22,Summer,2009_Summer,1,1,2009-06-26,2009-07-17,21,1,1,0,986,0,986,1
2009,22,Summer,2009_Summer,1,2,2009-06-26,2009-07-17,21,1,1,0,482,0,482,2
2009,22,Summer,2009_Summer,2,1,2009-06-26,2009-07-17,21,1,1,0,59,0,59,3
2009,22,Summer,2009_Summer,2,2,2009-06-26,2009-07-17,21,1,1,0,101,0,101,1
2009,22,Summer,2009_Summer,3,1,2009-06-26,2009-07-17,21,1,1,0,81,0,81,2
2009,22,Summer,2009_Summer,3,2,2009-06-26,2009-07-17,21,1,1,0,61,0,61,3
2009,22,Summer,2009_Summer,4,1,2009-06-26,2009-07-17,21,1,1,0,100,0,100,1
2009,22,Summer,2009_Summer,4,2,2009-06-26,2009-07-17,21,1,1,NA,NA,NA,NA,2
2009,22,Summer,2009_Summer,5,1,2009-06-26,2009-07-17,21,1,1,0,68,0,68,3
2009,22,Summer,2009_Summer,5,2,2009-06-26,2009-07-17,21,1,1,0,40,0,40,1
2009,22,Summer,2009_Summer,6,1,2009-06-26,2009-07-17,21,1,1,0,0,0,0,2
2009,22,Summer,2009_Summer,6,2,2009-06-26,2009-07-17,21,1,1,0,3,0,3,3
2009,22,Summer,2009_Summer,1,1,2009-07-17,2009-07-24,7,1,0.34356,0,213,0,619.9790429619281,1
2009,22,Summer,2009_Summer,1,2,2009-07-17,2009-07-24,7,1,0.2863,0,212,0,740.482011875655,2
2009,22,Summer,2009_Summer,2,1,2009-07-17,2009-07-24,7,1,0.22904,0,208,0,908.1383164512749,3
2009,22,Summer,2009_Summer,2,2,2009-07-17,2009-07-24,7,1,0.34356,0,203,0,590.8720456397718,1
2009,22,Summer,2009_Summer,3,1,2009-07-17,2009-07-24,7,1,0.17178,0,379,0,2206.310397019444,2
2009,22,Summer,2009_Summer,3,2,2009-07-17,2009-07-24,7,1,0.2863,0,246,0,859.2385609500524,3
2009,22,Summer,2009_Summer,4,1,2009-07-17,2009-07-24,7,1,0.34356,0,200,0,582.1399464431249,1
2009,22,Summer,2009_Summer,4,2,2009-07-17,2009-07-24,7,1,1,0,288,0,288,2
2009,22,Summer,2009_Summer,5,1,2009-07-17,2009-07-24,7,1,1,0,14,0,14,3
2009,22,Summer,2009_Summer,5,2,2009-07-17,2009-07-24,7,1,1,0,16,0,16,1
2009,22,Summer,2009_Summer,6,1,2009-07-17,2009-07-24,7,1,1,0,87,0,87,2
2009,22,Summer,2009_Summer,6,2,2009-07-17,2009-07-24,7,1,1,0,71,0,71,3
2009,22,Summer,2009_Summer,1,1,2009-07-24,2009-08-11,18,1,1,0,48,0,48,1
2009,22,Summer,2009_Summer,1,2,2009-07-24,2009-08-11,18,1,1,NA,NA,NA,NA,2
2009,22,Summer,2009_Summer,2,1,2009-07-24,2009-08-11,18,1,1,0,34,0,34,3
2009,22,Summer,2009_Summer,2,2,2009-07-24,2009-08-11,18,1,1,NA,NA,NA,NA,1
2009,22,Summer,2009_Summer,3,1,2009-07-24,2009-08-11,18,1,1,0,34,0,34,2
2009,22,Summer,2009_Summer,3,2,2009-07-24,2009-08-11,18,1,1,0,37,0,37,3
2009,22,Summer,2009_Summer,4,1,2009-07-24,2009-08-12,19,1,1,0,128,0,128,1
2009,22,Summer,2009_Summer,4,2,2009-07-24,2009-08-12,19,1,1,NA,NA,NA,NA,2
2009,22,Summer,2009_Summer,5,1,2009-07-24,2009-08-12,19,1,1,0,3,0,3,3
2009,22,Summer,2009_Summer,5,2,2009-07-24,2009-08-12,19,1,1,NA,NA,NA,NA,1
2009,22,Summer,2009_Summer,6,1,2009-07-24,2009-08-12,19,1,1,0,11,0,11,2
2009,22,Summer,2009_Summer,6,2,2009-07-24,2009-08-12,19,1,1,0,22,0,22,3
2010,23,Overwintering,2010_Overwintering,1,1,2010-05-22,2010-05-30,8,1,1,4,39,4,39,1
2010,23,Overwintering,2010_Overwintering,1,2,2010-05-22,2010-05-30,8,1,1,37,256,37,256,2
2010,23,Overwintering,2010_Overwintering,2,1,2010-05-22,2010-05-30,8,1,1,4,308,4,308,3
2010,23,Overwintering,2010_Overwintering,2,2,2010-05-22,2010-05-30,8,1,1,10,388,10,388,4
2010,23,Overwintering,2010_Overwintering,3,1,2010-05-22,2010-05-30,8,1,1,64,333,64,333,1
2010,23,Overwintering,2010_Overwintering,3,2,2010-05-22,2010-05-30,8,1,1,NA,NA,NA,NA,2
2010,23,Overwintering,2010_Overwintering,4,1,2010-05-22,2010-05-30,8,1,1,36,113,36,113,3
2010,23,Overwintering,2010_Overwintering,4,2,2010-05-22,2010-05-30,8,1,1,32,66,32,66,4
2010,23,Overwintering,2010_Overwintering,5,1,2010-05-22,2010-05-30,8,1,1,2,15,2,15,1
2010,23,Overwintering,2010_Overwintering,5,2,2010-05-22,2010-05-30,8,1,1,2,391,2,391,2
2010,23,Overwintering,2010_Overwintering,6,1,2010-05-22,2010-05-30,8,1,0.17178,20,334,20,1944.3474211200373,3
2010,23,Overwintering,2010_Overwintering,6,2,2010-05-22,2010-05-30,8,1,0.22904,13,255,13,1113.3426475724764,4
2010,23,Overwintering,2010_Overwintering,1,1,2010-05-30,2010-06-08,9,1,1,0,315,0,315,1
2010,23,Overwintering,2010_Overwintering,1,2,2010-05-30,2010-06-08,9,1,0.17178,4,213,4,1239.9580859238563,2
2010,23,Overwintering,2010_Overwintering,2,1,2010-05-30,2010-06-08,9,1,1,22,63,22,63,3
2010,23,Overwintering,2010_Overwintering,2,2,2010-05-30,2010-06-08,9,1,1,19,47,19,47,4
2010,23,Overwintering,2010_Overwintering,3,1,2010-05-30,2010-06-08,9,1,1,32,350,32,350,1
2010,23,Overwintering,2010_Overwintering,3,2,2010-05-30,2010-06-08,9,1,1,20,111,20,111,2
2010,23,Overwintering,2010_Overwintering,4,1,2010-05-30,2010-06-08,9,1,1,4,72,4,72,3
2010,23,Overwintering,2010_Overwintering,4,2,2010-05-30,2010-06-08,9,1,1,150,180,150,180,4
2010,23,Overwintering,2010_Overwintering,5,1,2010-05-30,2010-06-08,9,1,1,NA,NA,NA,NA,1
2010,23,Overwintering,2010_Overwintering,5,2,2010-05-30,2010-06-08,9,1,1,1,83,1,83,2
2010,23,Overwintering,2010_Overwintering,6,1,2010-05-30,2010-06-08,9,1,1,3,408,3,408,3
2010,23,Overwintering,2010_Overwintering,6,2,2010-05-30,2010-06-08,9,1,1,2,304,2,304,4
2010,23,Overwintering,2010_Overwintering,1,1,2010-06-08,2010-06-17,9,1,1,1,24,1,24,1
2010,23,Overwintering,2010_Overwintering,1,2,2010-06-08,2010-06-17,9,1,1,1,9,1,9,2
2010,23,Overwintering,2010_Overwintering,2,1,2010-06-08,2010-06-17,9,1,1,5,74,5,74,3
2010,23,Overwintering,2010_Overwintering,2,2,2010-06-08,2010-06-17,9,1,1,5,34,5,34,4
2010,23,Overwintering,2010_Overwintering,3,1,2010-06-08,2010-06-17,9,1,1,5,19,5,19,1
2010,23,Overwintering,2010_Overwintering,3,2,2010-06-08,2010-06-17,9,1,1,5,41,5,41,2
2010,23,Overwintering,2010_Overwintering,4,1,2010-06-08,2010-06-17,9,1,1,13,69,13,69,3
2010,23,Overwintering,2010_Overwintering,4,2,2010-06-08,2010-06-17,9,1,1,15,84,15,84,4
2010,23,Overwintering,2010_Overwintering,5,1,2010-06-08,2010-06-17,9,1,1,1,3,1,3,1
2010,23,Overwintering,2010_Overwintering,5,2,2010-06-08,2010-06-17,9,1,1,0,4,0,4,2
2010,23,Overwintering,2010_Overwintering,6,1,2010-06-08,2010-06-17,9,1,0.11452,0,203,0,1772.6161369193155,3
2010,23,Overwintering,2010_Overwintering,6,2,2010-06-08,2010-06-17,9,1,1,0,339,0,339,4
2010,23,Overwintering,2010_Overwintering,1,1,2010-06-17,2010-07-06,19,1,1,0,51,0,51,1
2010,23,Overwintering,2010_Overwintering,1,2,2010-06-17,2010-07-06,19,1,1,0,70,0,70,2
2010,23,Overwintering,2010_Overwintering,2,1,2010-06-17,2010-07-06,19,1,1,0,0,0,0,3
2010,23,Overwintering,2010_Overwintering,2,2,2010-06-17,2010-07-06,19,1,1,0,13,0,13,4
2010,23,Overwintering,2010_Overwintering,3,1,2010-06-17,2010-07-06,19,1,1,0,4,0,4,1
2010,23,Overwintering,2010_Overwintering,3,2,2010-06-17,2010-07-06,19,1,1,NA,NA,NA,NA,2
2010,23,Overwintering,2010_Overwintering,4,1,2010-06-17,2010-07-06,19,1,1,0,31,0,31,3
2010,23,Overwintering,2010_Overwintering,4,2,2010-06-17,2010-07-06,19,1,1,0,27,0,27,4
2010,23,Overwintering,2010_Overwintering,5,1,2010-06-17,2010-07-06,19,1,1,0,64,0,64,1
2010,23,Overwintering,2010_Overwintering,5,2,2010-06-17,2010-07-06,19,1,1,0,44,0,44,2
2010,23,Overwintering,2010_Overwintering,6,1,2010-06-17,2010-07-06,19,1,1,0,60,0,60,3
2010,23,Overwintering,2010_Overwintering,6,2,2010-06-17,2010-07-06,19,1,1,0,60,0,60,4
2010,24,Summer,2010_Summer,1,1,2010-07-06,2010-07-17,11,1,0.34356,0,213,0,619.9790429619281,1
2010,24,Summer,2010_Summer,1,2,2010-07-06,2010-07-17,11,1,0.34356,0,239,0,695.6572359995344,2
2010,24,Summer,2010_Summer,2,1,2010-07-06,2010-07-17,11,1,1,0,476,0,476,1
2010,24,Summer,2010_Summer,2,2,2010-07-06,2010-07-17,11,1,0.17178,0,233,0,1356.3860752124813,2
2010,24,Summer,2010_Summer,3,1,2010-07-06,2010-07-17,11,1,0.17178,0,220,0,1280.7078821748748,1
2010,24,Summer,2010_Summer,3,2,2010-07-06,2010-07-17,11,1,1,0,565,0,565,2
2010,24,Summer,2010_Summer,4,1,2010-07-06,2010-07-17,11,1,1,0,11,0,11,1
2010,24,Summer,2010_Summer,4,2,2010-07-06,2010-07-17,11,1,1,0,13,0,13,2
2010,24,Summer,2010_Summer,5,1,2010-07-06,2010-07-17,11,1,1,0,40,0,40,1
2010,24,Summer,2010_Summer,5,2,2010-07-06,2010-07-17,11,1,1,0,99,0,99,2
2010,24,Summer,2010_Summer,6,1,2010-07-06,2010-07-17,11,1,1,0,36,0,36,1
2010,24,Summer,2010_Summer,6,2,2010-07-06,2010-07-17,11,1,1,0,46,0,46,2
2010,24,Summer,2010_Summer,1,1,2010-07-17,2010-08-06,20,1,1,0,6,0,6,1
2010,24,Summer,2010_Summer,1,2,2010-07-17,2010-08-06,20,1,1,0,8,0,8,2
2010,24,Summer,2010_Summer,2,1,2010-07-17,2010-08-06,20,1,1,0,14,0,14,1
2010,24,Summer,2010_Summer,2,2,2010-07-17,2010-08-06,20,1,1,0,16,0,16,2
2010,24,Summer,2010_Summer,3,1,2010-07-17,2010-08-06,20,1,1,0,16,0,16,1
2010,24,Summer,2010_Summer,3,2,2010-07-17,2010-08-06,20,1,1,0,12,0,12,2
2010,24,Summer,2010_Summer,4,1,2010-07-17,2010-08-06,20,1,1,0,1,0,1,1
2010,24,Summer,2010_Summer,4,2,2010-07-17,2010-08-06,20,1,1,0,2,0,2,2
2010,24,Summer,2010_Summer,5,1,2010-07-17,2010-08-06,20,1,1,0,7,0,7,1
2010,24,Summer,2010_Summer,5,2,2010-07-17,2010-08-06,20,1,1,0,33,0,33,2
2010,24,Summer,2010_Summer,6,1,2010-07-17,2010-08-06,20,1,1,0,222,0,222,1
2010,24,Summer,2010_Summer,6,2,2010-07-17,2010-08-06,20,1,1,NA,NA,NA,NA,2
2011,25,Overwintering,2011_Overwintering,1,1,2011-05-26,2011-06-07,12,1,1,2,0,2,0,1
2011,25,Overwintering,2011_Overwintering,1,2,2011-05-26,2011-06-07,12,1,1,2,0,2,0,2
2011,25,Overwintering,2011_Overwintering,2,1,2011-05-26,2011-06-07,12,1,1,2,0,2,0,3
2011,25,Overwintering,2011_Overwintering,2,2,2011-05-26,2011-06-07,12,1,1,3,0,3,0,1
2011,25,Overwintering,2011_Overwintering,3,1,2011-05-26,2011-06-07,12,1,1,3,0,3,0,2
2011,25,Overwintering,2011_Overwintering,3,2,2011-05-26,2011-06-07,12,1,1,0,0,0,0,3
2011,25,Overwintering,2011_Overwintering,4,1,2011-05-26,2011-06-07,12,1,1,0,0,0,0,1
2011,25,Overwintering,2011_Overwintering,4,2,2011-05-26,2011-06-07,12,1,1,NA,NA,NA,NA,2
2011,25,Overwintering,2011_Overwintering,5,1,2011-05-26,2011-06-07,12,1,1,8,2,8,2,3
2011,25,Overwintering,2011_Overwintering,5,2,2011-05-26,2011-06-07,12,1,1,6,0,6,0,1
2011,25,Overwintering,2011_Overwintering,6,1,2011-05-26,2011-06-07,12,1,1,12,51,12,51,2
2011,25,Overwintering,2011_Overwintering,6,2,2011-05-26,2011-06-07,12,1,1,9,20,9,20,3
2011,25,Overwintering,2011_Overwintering,1,1,2011-06-07,2011-06-16,9,1,1,5,0,5,0,1
2011,25,Overwintering,2011_Overwintering,1,2,2011-06-07,2011-06-16,9,1,1,1,0,1,0,2
2011,25,Overwintering,2011_Overwintering,2,1,2011-06-07,2011-06-16,9,1,1,6,0,6,0,3
2011,25,Overwintering,2011_Overwintering,2,2,2011-06-07,2011-06-16,9,1,1,4,0,4,0,1
2011,25,Overwintering,2011_Overwintering,3,1,2011-06-07,2011-06-16,9,1,1,2,0,2,0,2
2011,25,Overwintering,2011_Overwintering,3,2,2011-06-07,2011-06-16,9,1,1,1,1,1,1,3
2011,25,Overwintering,2011_Overwintering,4,1,2011-06-07,2011-06-16,9,1,1,5,0,5,0,1
2011,25,Overwintering,2011_Overwintering,4,2,2011-06-07,2011-06-16,9,1,1,2,2,2,2,2
2011,25,Overwintering,2011_Overwintering,5,1,2011-06-07,2011-06-16,9,1,1,9,16,9,16,3
2011,25,Overwintering,2011_Overwintering,5,2,2011-06-07,2011-06-16,9,1,1,3,15,3,15,1
2011,25,Overwintering,2011_Overwintering,6,1,2011-06-07,2011-06-16,9,1,1,17,54,17,54,2
2011,25,Overwintering,2011_Overwintering,6,2,2011-06-07,2011-06-16,9,1,1,1,10,1,10,3
2011,25,Overwintering,2011_Overwintering,1,1,2011-06-16,2011-07-05,19,1,1,16,0,16,0,1
2011,25,Overwintering,2011_Overwintering,1,2,2011-06-16,2011-07-05,19,1,1,6,1,6,1,2
2011,25,Overwintering,2011_Overwintering,2,1,2011-06-16,2011-07-05,19,1,1,8,0,8,0,3
2011,25,Overwintering,2011_Overwintering,2,2,2011-06-16,2011-07-05,19,1,1,9,0,9,0,1
2011,25,Overwintering,2011_Overwintering,3,1,2011-06-16,2011-07-05,19,1,1,3,2,3,2,2
2011,25,Overwintering,2011_Overwintering,3,2,2011-06-16,2011-07-05,19,1,1,3,3,3,3,3
2011,25,Overwintering,2011_Overwintering,4,1,2011-06-16,2011-07-05,19,1,1,1,0,1,0,1
2011,25,Overwintering,2011_Overwintering,4,2,2011-06-16,2011-07-05,19,1,1,8,7,8,7,2
2011,25,Overwintering,2011_Overwintering,5,1,2011-06-16,2011-07-05,19,1,1,12,15,12,15,3
2011,25,Overwintering,2011_Overwintering,5,2,2011-06-16,2011-07-05,19,1,1,25,24,25,24,1
2011,25,Overwintering,2011_Overwintering,6,1,2011-06-16,2011-07-05,19,1,1,28,5,28,5,2
2011,25,Overwintering,2011_Overwintering,6,2,2011-06-16,2011-07-05,19,1,1,10,5,10,5,3
2011,26,Summer,2011_Summer,1,1,2011-07-05,2011-07-21,16,1,1,1,0,1,0,1
2011,26,Summer,2011_Summer,1,2,2011-07-05,2011-07-21,16,1,1,NA,NA,NA,NA,2
2011,26,Summer,2011_Summer,2,1,2011-07-05,2011-07-21,16,1,1,2,1,2,1,1
2011,26,Summer,2011_Summer,2,2,2011-07-05,2011-07-21,16,1,1,2,1,2,1,2
2011,26,Summer,2011_Summer,3,1,2011-07-05,2011-07-21,16,1,1,3,0,3,0,1
2011,26,Summer,2011_Summer,3,2,2011-07-05,2011-07-21,16,1,1,2,1,2,1,2
2011,26,Summer,2011_Summer,4,1,2011-07-05,2011-07-21,16,1,1,0,1,0,1,1
2011,26,Summer,2011_Summer,4,2,2011-07-05,2011-07-21,16,1,1,7,14,7,14,2
2011,26,Summer,2011_Summer,5,1,2011-07-05,2011-07-21,16,1,1,0,1,0,1,1
2011,26,Summer,2011_Summer,5,2,2011-07-05,2011-07-21,16,1,1,0,11,0,11,2
2011,26,Summer,2011_Summer,6,1,2011-07-05,2011-07-21,16,1,1,NA,NA,NA,NA,1
2011,26,Summer,2011_Summer,6,2,2011-07-05,2011-07-21,16,1,1,0,1,0,1,2
2011,26,Summer,2011_Summer,1,1,2011-07-21,2011-08-03,13,1,1,0,0,0,0,1
2011,26,Summer,2011_Summer,1,2,2011-07-21,2011-08-03,13,1,1,0,0,0,0,2
2011,26,Summer,2011_Summer,2,1,2011-07-21,2011-08-03,13,1,1,0,0,0,0,1
2011,26,Summer,2011_Summer,2,2,2011-07-21,2011-08-03,13,1,1,0,0,0,0,2
2011,26,Summer,2011_Summer,3,1,2011-07-21,2011-08-03,13,1,1,0,0,0,0,1
2011,26,Summer,2011_Summer,3,2,2011-07-21,2011-08-03,13,1,1,0,0,0,0,2
2011,26,Summer,2011_Summer,4,1,2011-07-21,2011-08-03,13,1,1,0,0,0,0,1
2011,26,Summer,2011_Summer,4,2,2011-07-21,2011-08-03,13,1,1,0,0,0,0,2
2011,26,Summer,2011_Summer,5,1,2011-07-21,2011-08-03,13,1,1,0,0,0,0,1
2011,26,Summer,2011_Summer,5,2,2011-07-21,2011-08-03,13,1,1,0,0,0,0,2
2011,26,Summer,2011_Summer,6,1,2011-07-21,2011-08-03,13,1,1,0,0,0,0,1
2011,26,Summer,2011_Summer,6,2,2011-07-21,2011-08-03,13,1,1,0,0,0,0,2
2012,27,Overwintering,2012_Overwintering,1,1,2012-05-29,2012-06-10,12,1,1,6,14,6,14,1
2012,27,Overwintering,2012_Overwintering,1,2,2012-05-29,2012-06-10,12,1,1,51,17,51,17,2
2012,27,Overwintering,2012_Overwintering,2,1,2012-05-29,2012-06-10,12,1,1,2,2,2,2,3
2012,27,Overwintering,2012_Overwintering,2,2,2012-05-29,2012-06-10,12,1,1,13,3,13,3,1
2012,27,Overwintering,2012_Overwintering,3,1,2012-05-29,2012-06-10,12,1,1,1,3,1,3,2
2012,27,Overwintering,2012_Overwintering,3,2,2012-05-29,2012-06-10,12,1,1,3,2,3,2,3
2012,27,Overwintering,2012_Overwintering,4,1,2012-05-29,2012-06-10,12,1,1,4,4,4,4,1
2012,27,Overwintering,2012_Overwintering,4,2,2012-05-29,2012-06-10,12,1,1,87,64,87,64,2
2012,27,Overwintering,2012_Overwintering,5,1,2012-05-29,2012-06-10,12,1,1,11,8,11,8,3
2012,27,Overwintering,2012_Overwintering,5,2,2012-05-29,2012-06-10,12,1,1,0,2,0,2,1
2012,27,Overwintering,2012_Overwintering,6,1,2012-05-29,2012-06-10,12,1,1,2,3,2,3,2
2012,27,Overwintering,2012_Overwintering,6,2,2012-05-29,2012-06-10,12,1,1,0,7,0,7,3
2012,27,Overwintering,2012_Overwintering,1,1,2012-06-10,2012-06-23,13,1,1,4,2,4,2,1
2012,27,Overwintering,2012_Overwintering,1,2,2012-06-10,2012-06-23,13,1,1,4,2,4,2,2
2012,27,Overwintering,2012_Overwintering,2,1,2012-06-10,2012-06-23,13,1,1,2,10,2,10,3
2012,27,Overwintering,2012_Overwintering,2,2,2012-06-10,2012-06-23,13,1,1,1,0,1,0,1
2012,27,Overwintering,2012_Overwintering,3,1,2012-06-10,2012-06-23,13,1,1,1,4,1,4,2
2012,27,Overwintering,2012_Overwintering,3,2,2012-06-10,2012-06-23,13,1,1,3,4,3,4,3
2012,27,Overwintering,2012_Overwintering,4,1,2012-06-10,2012-06-23,13,1,1,18,9,18,9,1
2012,27,Overwintering,2012_Overwintering,4,2,2012-06-10,2012-06-23,13,1,1,10,7,10,7,2
2012,27,Overwintering,2012_Overwintering,5,1,2012-06-10,2012-06-23,13,1,1,3,5,3,5,3
2012,27,Overwintering,2012_Overwintering,5,2,2012-06-10,2012-06-23,13,1,1,1,2,1,2,1
2012,27,Overwintering,2012_Overwintering,6,1,2012-06-10,2012-06-23,13,1,1,0,0,0,0,2
2012,27,Overwintering,2012_Overwintering,6,2,2012-06-10,2012-06-23,13,1,1,0,1,0,1,3
2012,27,Overwintering,2012_Overwintering,1,1,2012-06-23,2012-07-08,15,1,1,0,3,0,3,1
2012,27,Overwintering,2012_Overwintering,1,2,2012-06-23,2012-07-08,15,1,1,0,1,0,1,2
2012,27,Overwintering,2012_Overwintering,2,1,2012-06-23,2012-07-08,15,1,1,0,10,0,10,3
2012,27,Overwintering,2012_Overwintering,2,2,2012-06-23,2012-07-08,15,1,1,0,3,0,3,1
2012,27,Overwintering,2012_Overwintering,3,1,2012-06-23,2012-07-08,15,1,1,0,2,0,2,2
2012,27,Overwintering,2012_Overwintering,3,2,2012-06-23,2012-07-08,15,1,1,0,3,0,3,3
2012,27,Overwintering,2012_Overwintering,4,1,2012-06-23,2012-07-08,15,1,1,0,20,0,20,1
2012,27,Overwintering,2012_Overwintering,4,2,2012-06-23,2012-07-08,15,1,1,0,28,0,28,2
2012,27,Overwintering,2012_Overwintering,5,1,2012-06-23,2012-07-08,15,1,1,1,4,1,4,3
2012,27,Overwintering,2012_Overwintering,5,2,2012-06-23,2012-07-08,15,1,1,0,2,0,2,1
2012,27,Overwintering,2012_Overwintering,6,1,2012-06-23,2012-07-08,15,1,1,0,4,0,4,2
2012,27,Overwintering,2012_Overwintering,6,2,2012-06-23,2012-07-08,15,1,1,0,0,0,0,3
2012,28,Summer,2012_Summer,1,1,2012-07-08,2012-07-28,20,1,1,0,131,0,131,1
2012,28,Summer,2012_Summer,1,2,2012-07-08,2012-07-28,20,1,1,0,118,0,118,1
2012,28,Summer,2012_Summer,2,1,2012-07-08,2012-07-28,20,1,1,0,2,0,2,1
2012,28,Summer,2012_Summer,2,2,2012-07-08,2012-07-28,20,1,1,0,10,0,10,1
2012,28,Summer,2012_Summer,3,1,2012-07-08,2012-07-28,20,1,1,0,6,0,6,1
2012,28,Summer,2012_Summer,3,2,2012-07-08,2012-07-28,20,1,1,0,1,0,1,1
2012,28,Summer,2012_Summer,4,1,2012-07-08,2012-07-28,20,1,1,0,6,0,6,1
2012,28,Summer,2012_Summer,4,2,2012-07-08,2012-07-28,20,1,1,0,6,0,6,1
2012,28,Summer,2012_Summer,5,1,2012-07-08,2012-07-28,20,1,1,0,2,0,2,1
2012,28,Summer,2012_Summer,5,2,2012-07-08,2012-07-28,20,1,1,NA,NA,NA,NA,1
2012,28,Summer,2012_Summer,6,1,2012-07-08,2012-07-28,20,1,1,0,51,0,51,1
2012,28,Summer,2012_Summer,6,2,2012-07-08,2012-07-28,20,1,1,0,15,0,15,1
2013,29,Overwintering,2013_Overwintering,1,1,2013-06-07,2013-06-21,14,1,1,1,9,1,9,1
2013,29,Overwintering,2013_Overwintering,1,2,2013-06-07,2013-06-21,14,1,1,3,9,3,9,2
2013,29,Overwintering,2013_Overwintering,2,1,2013-06-07,2013-06-21,14,1,1,10,15,10,15,1
2013,29,Overwintering,2013_Overwintering,2,2,2013-06-07,2013-06-21,14,1,1,1,2,1,2,2
2013,29,Overwintering,2013_Overwintering,3,1,2013-06-07,2013-06-21,14,1,1,5,10,5,10,1
2013,29,Overwintering,2013_Overwintering,3,2,2013-06-07,2013-06-21,14,1,1,6,3,6,3,2
2013,29,Overwintering,2013_Overwintering,4,1,2013-06-07,2013-06-21,14,1,1,9,1,9,1,1
2013,29,Overwintering,2013_Overwintering,4,2,2013-06-07,2013-06-21,14,1,1,16,16,16,16,2
2013,29,Overwintering,2013_Overwintering,5,1,2013-06-07,2013-06-21,14,1,1,6,2,6,2,1
2013,29,Overwintering,2013_Overwintering,5,2,2013-06-07,2013-06-21,14,1,1,11,25,11,25,2
2013,29,Overwintering,2013_Overwintering,6,1,2013-06-07,2013-06-21,14,1,1,1,9,1,9,1
2013,29,Overwintering,2013_Overwintering,6,2,2013-06-07,2013-06-21,14,1,1,3,6,3,6,2
2013,29,Overwintering,2013_Overwintering,1,1,2013-06-21,2013-07-03,12,1,1,0,1,0,1,1
2013,29,Overwintering,2013_Overwintering,1,2,2013-06-21,2013-07-03,12,1,1,2,2,2,2,2
2013,29,Overwintering,2013_Overwintering,2,1,2013-06-21,2013-07-03,12,1,1,0,5,0,5,1
2013,29,Overwintering,2013_Overwintering,2,2,2013-06-21,2013-07-03,12,1,1,1,6,1,6,2
2013,29,Overwintering,2013_Overwintering,3,1,2013-06-21,2013-07-03,12,1,1,2,1,2,1,1
2013,29,Overwintering,2013_Overwintering,3,2,2013-06-21,2013-07-03,12,1,1,4,0,4,0,2
2013,29,Overwintering,2013_Overwintering,4,1,2013-06-21,2013-07-03,12,1,1,3,10,3,10,1
2013,29,Overwintering,2013_Overwintering,4,2,2013-06-21,2013-07-03,12,1,1,2,10,2,10,2
2013,29,Overwintering,2013_Overwintering,5,1,2013-06-21,2013-07-03,12,1,1,1,2,1,2,1
2013,29,Overwintering,2013_Overwintering,5,2,2013-06-21,2013-07-03,12,1,1,0,9,0,9,2
2013,29,Overwintering,2013_Overwintering,6,1,2013-06-21,2013-07-03,12,1,1,3,6,3,6,1
2013,29,Overwintering,2013_Overwintering,6,2,2013-06-21,2013-07-03,12,1,1,0,5,0,5,2
2013,30,Summer,2013_Summer,1,1,2013-07-03,2013-07-18,15,1,1,0,2,0,2,1
2013,30,Summer,2013_Summer,1,2,2013-07-03,2013-07-18,15,1,1,0,4,0,4,2
2013,30,Summer,2013_Summer,2,1,2013-07-03,2013-07-18,15,1,1,0,3,0,3,3
2013,30,Summer,2013_Summer,2,2,2013-07-03,2013-07-18,15,1,1,NA,NA,NA,NA,4
2013,30,Summer,2013_Summer,3,1,2013-07-03,2013-07-18,15,1,1,4,20,4,20,1
2013,30,Summer,2013_Summer,3,2,2013-07-03,2013-07-18,15,1,1,1,6,1,6,2
2013,30,Summer,2013_Summer,4,1,2013-07-03,2013-07-18,15,1,1,0,41,0,41,3
2013,30,Summer,2013_Summer,4,2,2013-07-03,2013-07-18,15,1,1,0,1,0,1,4
2013,30,Summer,2013_Summer,5,1,2013-07-03,2013-07-18,15,1,1,0,7,0,7,1
2013,30,Summer,2013_Summer,5,2,2013-07-03,2013-07-18,15,1,1,NA,NA,NA,NA,2
2013,30,Summer,2013_Summer,6,1,2013-07-03,2013-07-18,15,1,1,0,14,0,14,3
2013,30,Summer,2013_Summer,6,2,2013-07-03,2013-07-18,15,1,1,0,14,0,14,4
2013,30,Summer,2013_Summer,1,1,2013-07-18,2013-07-25,7,1,1,0,237,0,237,1
2013,30,Summer,2013_Summer,1,2,2013-07-18,2013-07-25,7,1,1,0,132,0,132,2
2013,30,Summer,2013_Summer,2,1,2013-07-18,2013-07-25,7,1,1,0,341,0,341,3
2013,30,Summer,2013_Summer,2,2,2013-07-18,2013-07-25,7,1,1,0,26,0,26,4
2013,30,Summer,2013_Summer,3,1,2013-07-18,2013-07-25,7,1,1,0,355,0,355,1
2013,30,Summer,2013_Summer,3,2,2013-07-18,2013-07-25,7,1,1,NA,NA,NA,NA,2
2013,30,Summer,2013_Summer,4,1,2013-07-18,2013-07-25,7,1,1,0,3,0,3,3
2013,30,Summer,2013_Summer,4,2,2013-07-18,2013-07-25,7,1,1,0,12,0,12,4
2013,30,Summer,2013_Summer,5,1,2013-07-18,2013-07-25,7,1,1,0,179,0,179,1
2013,30,Summer,2013_Summer,5,2,2013-07-18,2013-07-25,7,1,1,0,793,0,793,2
2013,30,Summer,2013_Summer,6,1,2013-07-18,2013-07-25,7,1,1,0,120,0,120,3
2013,30,Summer,2013_Summer,6,2,2013-07-18,2013-07-25,7,1,1,0,136,0,136,4
2013,30,Summer,2013_Summer,1,1,2013-07-25,2013-08-02,8,1,1,0,341,0,341,1
2013,30,Summer,2013_Summer,1,2,2013-07-25,2013-08-02,8,1,1,0,497,0,497,2
2013,30,Summer,2013_Summer,2,1,2013-07-25,2013-08-02,8,1,1,0,34,0,34,3
2013,30,Summer,2013_Summer,2,2,2013-07-25,2013-08-02,8,1,1,NA,NA,NA,NA,4
2013,30,Summer,2013_Summer,3,1,2013-07-25,2013-08-02,8,1,1,0,7,0,7,1
2013,30,Summer,2013_Summer,3,2,2013-07-25,2013-08-02,8,1,1,0,24,0,24,2
2013,30,Summer,2013_Summer,4,1,2013-07-25,2013-08-02,8,1,1,0,11,0,11,3
2013,30,Summer,2013_Summer,4,2,2013-07-25,2013-08-02,8,1,1,0,16,0,16,4
2013,30,Summer,2013_Summer,5,1,2013-07-25,2013-08-02,8,1,1,0,17,0,17,1
2013,30,Summer,2013_Summer,5,2,2013-07-25,2013-08-02,8,1,1,0,168,0,168,2
2013,30,Summer,2013_Summer,6,1,2013-07-25,2013-08-02,8,1,1,0,59,0,59,3
2013,30,Summer,2013_Summer,6,2,2013-07-25,2013-08-02,8,1,1,0,31,0,31,4
2013,30,Summer,2013_Summer,1,1,2013-08-02,2013-08-16,14,1,1,0,85,0,85,1
2013,30,Summer,2013_Summer,1,2,2013-08-02,2013-08-16,14,1,1,0,40,0,40,2
2013,30,Summer,2013_Summer,2,1,2013-08-02,2013-08-16,14,1,1,0,13,0,13,3
2013,30,Summer,2013_Summer,2,2,2013-08-02,2013-08-16,14,1,1,0,14,0,14,4
2013,30,Summer,2013_Summer,3,1,2013-08-02,2013-08-16,14,1,1,0,34,0,34,1
2013,30,Summer,2013_Summer,3,2,2013-08-02,2013-08-16,14,1,1,0,14,0,14,2
2013,30,Summer,2013_Summer,4,1,2013-08-02,2013-08-16,14,1,1,NA,NA,NA,NA,3
2013,30,Summer,2013_Summer,4,2,2013-08-02,2013-08-16,14,1,1,NA,NA,NA,NA,4
2013,30,Summer,2013_Summer,5,1,2013-08-02,2013-08-16,14,1,1,0,23,0,23,1
2013,30,Summer,2013_Summer,5,2,2013-08-02,2013-08-16,14,1,1,NA,NA,NA,NA,2
2013,30,Summer,2013_Summer,6,1,2013-08-02,2013-08-16,14,1,1,NA,NA,NA,NA,3
2013,30,Summer,2013_Summer,6,2,2013-08-02,2013-08-16,14,1,1,0,35,0,35,4
2014,31,Overwintering,2014_Overwintering,1,1,2014-06-03,2014-06-08,5,1,1,12,1913,12,1913,1
2014,31,Overwintering,2014_Overwintering,1,2,2014-06-03,2014-06-08,5,1,1,4,1410,4,1410,2
2014,31,Overwintering,2014_Overwintering,2,1,2014-06-03,2014-06-08,5,1,1,42,1795,42,1795,3
2014,31,Overwintering,2014_Overwintering,2,2,2014-06-03,2014-06-08,5,1,1,8,1665,8,1665,4
2014,31,Overwintering,2014_Overwintering,3,1,2014-06-03,2014-06-08,5,1,1,5,1451,5,1451,1
2014,31,Overwintering,2014_Overwintering,4,1,2014-06-03,2014-06-10,7,1,1,0,158,0,158,2
2014,31,Overwintering,2014_Overwintering,4,2,2014-06-03,2014-06-10,7,1,1,10,1754,10,1754,3
2014,31,Overwintering,2014_Overwintering,5,1,2014-06-03,2014-06-10,7,1,1,8,2921,8,2921,4
2014,31,Overwintering,2014_Overwintering,5,2,2014-06-03,2014-06-10,7,1,1,8,2080,8,2080,1
2014,31,Overwintering,2014_Overwintering,6,1,2014-06-03,2014-06-08,5,1,1,85,583,85,583,2
2014,31,Overwintering,2014_Overwintering,6,2,2014-06-03,2014-06-08,5,1,1,105,1083,105,1083,3
2014,31,Overwintering,2014_Overwintering,1,1,2014-06-08,2014-06-17,9,1,1,3,283,3,283,4
2014,31,Overwintering,2014_Overwintering,1,2,2014-06-08,2014-06-17,9,1,1,0,186,0,186,1
2014,31,Overwintering,2014_Overwintering,2,1,2014-06-08,2014-06-17,9,1,1,5,366,5,366,2
2014,31,Overwintering,2014_Overwintering,2,2,2014-06-08,2014-06-17,9,1,1,0,313,0,313,3
2014,31,Overwintering,2014_Overwintering,6,1,2014-06-08,2014-06-17,9,1,1,5,601,5,601,4
2014,31,Overwintering,2014_Overwintering,6,2,2014-06-08,2014-06-17,9,1,1,6,241,6,241,1
2014,31,Overwintering,2014_Overwintering,3,1,2014-06-10,2014-06-17,7,1,1,0,24,0,24,2
2014,31,Overwintering,2014_Overwintering,3,2,2014-06-10,2014-06-17,7,1,1,0,28,0,28,3
2014,31,Overwintering,2014_Overwintering,4,1,2014-06-10,2014-06-17,7,1,1,1,143,1,143,4
2014,31,Overwintering,2014_Overwintering,4,2,2014-06-10,2014-06-17,7,1,1,13,275,13,275,1
2014,31,Overwintering,2014_Overwintering,5,1,2014-06-10,2014-06-17,7,1,1,7,812,7,812,2
2014,31,Overwintering,2014_Overwintering,5,2,2014-06-10,2014-06-17,7,1,1,2,464,2,464,3
2014,31,Overwintering,2014_Overwintering,1,1,2014-06-17,2014-06-26,9,1,1,NA,NA,NA,NA,4
2014,31,Overwintering,2014_Overwintering,1,2,2014-06-17,2014-06-26,9,1,1,NA,NA,NA,NA,1
2014,31,Overwintering,2014_Overwintering,2,1,2014-06-17,2014-06-26,9,1,1,NA,NA,NA,NA,2
2014,31,Overwintering,2014_Overwintering,2,2,2014-06-17,2014-06-26,9,1,1,NA,NA,NA,NA,3
2014,31,Overwintering,2014_Overwintering,3,1,2014-06-17,2014-06-26,9,1,1,NA,NA,NA,NA,4
2014,31,Overwintering,2014_Overwintering,3,2,2014-06-17,2014-06-26,9,1,1,NA,NA,NA,NA,1
2014,31,Overwintering,2014_Overwintering,4,1,2014-06-17,2014-06-26,9,1,1,NA,NA,NA,NA,2
2014,31,Overwintering,2014_Overwintering,4,2,2014-06-17,2014-06-26,9,1,1,NA,NA,NA,NA,3
2014,31,Overwintering,2014_Overwintering,5,1,2014-06-17,2014-06-26,9,1,1,NA,NA,NA,NA,4
2014,31,Overwintering,2014_Overwintering,5,2,2014-06-17,2014-06-26,9,1,1,NA,NA,NA,NA,1
2014,31,Overwintering,2014_Overwintering,6,1,2014-06-17,2014-06-26,9,1,1,NA,NA,NA,NA,2
2014,31,Overwintering,2014_Overwintering,6,2,2014-06-17,2014-06-26,9,1,1,NA,NA,NA,NA,3
2014,31,Overwintering,2014_Overwintering,1,1,2014-06-26,2014-07-07,11,1,1,NA,NA,NA,NA,4
2014,31,Overwintering,2014_Overwintering,1,2,2014-06-26,2014-07-07,11,1,1,NA,NA,NA,NA,1
2014,31,Overwintering,2014_Overwintering,2,1,2014-06-26,2014-07-07,11,1,1,NA,NA,NA,NA,2
2014,31,Overwintering,2014_Overwintering,2,2,2014-06-26,2014-07-07,11,1,1,NA,NA,NA,NA,3
2014,31,Overwintering,2014_Overwintering,4,1,2014-06-26,2014-07-07,11,1,1,NA,NA,NA,NA,4
2014,31,Overwintering,2014_Overwintering,4,2,2014-06-26,2014-07-07,11,1,1,NA,NA,NA,NA,1
2014,31,Overwintering,2014_Overwintering,5,1,2014-06-26,2014-07-07,11,1,1,NA,NA,NA,NA,2
2014,31,Overwintering,2014_Overwintering,5,2,2014-06-26,2014-07-07,11,1,1,NA,NA,NA,NA,3
2014,31,Overwintering,2014_Overwintering,6,1,2014-06-26,2014-07-07,11,1,1,NA,NA,NA,NA,4
2014,31,Overwintering,2014_Overwintering,6,2,2014-06-26,2014-07-07,11,1,1,NA,NA,NA,NA,1
2014,32,Summer,2014_Summer,1,1,2014-07-07,2014-07-18,11,1,1,0,2,0,2,1
2014,32,Summer,2014_Summer,1,2,2014-07-07,2014-07-18,11,1,1,NA,NA,NA,NA,2
2014,32,Summer,2014_Summer,2,1,2014-07-07,2014-07-18,11,1,1,0,35,0,35,3
2014,32,Summer,2014_Summer,2,2,2014-07-07,2014-07-18,11,1,1,0,83,0,83,4
2014,32,Summer,2014_Summer,3,1,2014-07-07,2014-07-18,11,1,1,0,384,0,384,5
2014,32,Summer,2014_Summer,3,2,2014-07-07,2014-07-18,11,1,1,0,194,0,194,1
2014,32,Summer,2014_Summer,4,1,2014-07-07,2014-07-18,11,1,1,0,40,0,40,2
2014,32,Summer,2014_Summer,4,2,2014-07-07,2014-07-18,11,1,1,0,19,0,19,3
2014,32,Summer,2014_Summer,5,1,2014-07-07,2014-07-18,11,1,1,0,31,0,31,4
2014,32,Summer,2014_Summer,5,2,2014-07-07,2014-07-18,11,1,1,0,26,0,26,5
2014,32,Summer,2014_Summer,6,1,2014-07-07,2014-07-18,11,1,1,0,68,0,68,1
2014,32,Summer,2014_Summer,6,2,2014-07-07,2014-07-18,11,1,1,0,69,0,69,2
2014,32,Summer,2014_Summer,1,1,2014-07-18,2014-07-26,8,1,1,0,6,0,6,3
2014,32,Summer,2014_Summer,1,2,2014-07-18,2014-07-26,8,1,1,NA,NA,NA,NA,4
2014,32,Summer,2014_Summer,2,1,2014-07-18,2014-07-26,8,1,1,0,309,0,309,5
2014,32,Summer,2014_Summer,2,2,2014-07-18,2014-07-26,8,1,1,0,403,0,403,1
2014,32,Summer,2014_Summer,3,1,2014-07-18,2014-07-26,8,1,1,0,515,0,515,2
2014,32,Summer,2014_Summer,3,2,2014-07-18,2014-07-26,8,1,1,0,604,0,604,3
2014,32,Summer,2014_Summer,4,1,2014-07-18,2014-07-26,8,1,1,0,23,0,23,4
2014,32,Summer,2014_Summer,4,2,2014-07-18,2014-07-26,8,1,1,0,25,0,25,5
2014,32,Summer,2014_Summer,5,1,2014-07-18,2014-07-26,8,1,1,0,48,0,48,1
2014,32,Summer,2014_Summer,5,2,2014-07-18,2014-07-26,8,1,1,0,48,0,48,2
2014,32,Summer,2014_Summer,6,1,2014-07-18,2014-07-26,8,1,1,2,56,2,56,3
2014,32,Summer,2014_Summer,6,2,2014-07-18,2014-07-26,8,1,1,0,39,0,39,4
2014,32,Summer,2014_Summer,1,1,2014-07-26,2014-08-02,7,1,1,0,7,0,7,5
2014,32,Summer,2014_Summer,1,2,2014-07-26,2014-08-02,7,1,1,0,4,0,4,1
2014,32,Summer,2014_Summer,2,1,2014-07-26,2014-08-02,7,1,1,0,94,0,94,2
2014,32,Summer,2014_Summer,2,2,2014-07-26,2014-08-02,7,1,1,2,70,2,70,3
2014,32,Summer,2014_Summer,3,1,2014-07-26,2014-08-02,7,1,1,0,101,0,101,4
2014,32,Summer,2014_Summer,3,2,2014-07-26,2014-08-02,7,1,1,0,145,0,145,5
2014,32,Summer,2014_Summer,4,1,2014-07-26,2014-08-02,7,1,1,0,18,0,18,1
2014,32,Summer,2014_Summer,4,2,2014-07-26,2014-08-02,7,1,1,0,14,0,14,2
2014,32,Summer,2014_Summer,5,1,2014-07-26,2014-08-02,7,1,1,0,21,0,21,3
2014,32,Summer,2014_Summer,5,2,2014-07-26,2014-08-02,7,1,1,5,38,5,38,4
2014,32,Summer,2014_Summer,6,1,2014-07-26,2014-08-02,7,1,1,0,81,0,81,5
2014,32,Summer,2014_Summer,6,2,2014-07-26,2014-08-02,7,1,1,0,73,0,73,1
2014,32,Summer,2014_Summer,1,1,2014-08-02,2014-08-13,11,1,1,0,4,0,4,2
2014,32,Summer,2014_Summer,1,2,2014-08-02,2014-08-13,11,1,1,NA,NA,NA,NA,3
2014,32,Summer,2014_Summer,2,1,2014-08-02,2014-08-13,11,1,1,0,14,0,14,4
2014,32,Summer,2014_Summer,2,2,2014-08-02,2014-08-13,11,1,1,0,19,0,19,5
2014,32,Summer,2014_Summer,3,1,2014-08-02,2014-08-13,11,1,1,0,12,0,12,1
2014,32,Summer,2014_Summer,3,2,2014-08-02,2014-08-13,11,1,1,NA,NA,NA,NA,2
2014,32,Summer,2014_Summer,4,1,2014-08-02,2014-08-13,11,1,1,0,19,0,19,3
2014,32,Summer,2014_Summer,4,2,2014-08-02,2014-08-13,11,1,1,0,12,0,12,4
2014,32,Summer,2014_Summer,5,1,2014-08-02,2014-08-13,11,1,1,0,67,0,67,5
2014,32,Summer,2014_Summer,5,2,2014-08-02,2014-08-13,11,1,1,0,91,0,91,1
2014,32,Summer,2014_Summer,6,1,2014-08-02,2014-08-13,11,1,1,1,45,1,45,2
2014,32,Summer,2014_Summer,6,2,2014-08-02,2014-08-13,11,1,1,2,27,2,27,3
2014,32,Summer,2014_Summer,1,1,2014-08-13,2014-08-19,6,1,1,1,4,1,4,4
2014,32,Summer,2014_Summer,1,2,2014-08-13,2014-08-19,6,1,1,NA,NA,NA,NA,5
2014,32,Summer,2014_Summer,2,1,2014-08-13,2014-08-19,6,1,1,1,16,1,16,1
2014,32,Summer,2014_Summer,2,2,2014-08-13,2014-08-19,6,1,1,0,15,0,15,2
2014,32,Summer,2014_Summer,3,1,2014-08-13,2014-08-19,6,1,1,0,1,0,1,3
2014,32,Summer,2014_Summer,3,2,2014-08-13,2014-08-19,6,1,1,0,4,0,4,4
2014,32,Summer,2014_Summer,4,1,2014-08-13,2014-08-19,6,1,1,0,1,0,1,5
2014,32,Summer,2014_Summer,4,2,2014-08-13,2014-08-19,6,1,1,0,3,0,3,1
2014,32,Summer,2014_Summer,5,1,2014-08-13,2014-08-19,6,1,1,1,38,1,38,2
2014,32,Summer,2014_Summer,5,2,2014-08-13,2014-08-19,6,1,1,0,36,0,36,3
2014,32,Summer,2014_Summer,6,1,2014-08-13,2014-08-19,6,1,1,0,17,0,17,4
2014,32,Summer,2014_Summer,6,2,2014-08-13,2014-08-19,6,1,1,0,10,0,10,5
2015,33,Overwintering,2015_Overwintering,1,1,2015-05-22,2015-06-05,14,1,1,NA,NA,NA,NA,1
2015,33,Overwintering,2015_Overwintering,1,2,2015-05-22,2015-06-05,14,1,1,51,0,51,0,2
2015,33,Overwintering,2015_Overwintering,2,1,2015-05-22,2015-06-05,14,1,1,50,2,50,2,3
2015,33,Overwintering,2015_Overwintering,2,2,2015-05-22,2015-06-05,14,1,1,72,0,72,0,4
2015,33,Overwintering,2015_Overwintering,3,1,2015-05-22,2015-06-05,14,1,1,49,1,49,1,1
2015,33,Overwintering,2015_Overwintering,3,2,2015-05-22,2015-06-05,14,1,1,46,0,46,0,2
2015,33,Overwintering,2015_Overwintering,4,1,2015-05-22,2015-06-05,14,1,1,5,0,5,0,3
2015,33,Overwintering,2015_Overwintering,4,2,2015-05-22,2015-06-05,14,1,1,15,0,15,0,4
2015,33,Overwintering,2015_Overwintering,5,1,2015-05-25,2015-06-05,11,1,1,9,0,9,0,1
2015,33,Overwintering,2015_Overwintering,5,2,2015-05-25,2015-06-05,11,1,1,31,1,31,1,2
2015,33,Overwintering,2015_Overwintering,6,1,2015-05-24,2015-06-05,12,1,1,12,9,12,9,3
2015,33,Overwintering,2015_Overwintering,6,2,2015-05-24,2015-06-05,12,1,1,87,4,87,4,4
2015,33,Overwintering,2015_Overwintering,1,1,2015-06-05,2015-06-10,5,1,1,2,26,2,26,1
2015,33,Overwintering,2015_Overwintering,1,2,2015-06-05,2015-06-10,5,1,1,NA,NA,NA,NA,2
2015,33,Overwintering,2015_Overwintering,2,1,2015-06-05,2015-06-10,5,1,1,NA,NA,NA,NA,3
2015,33,Overwintering,2015_Overwintering,2,2,2015-06-05,2015-06-10,5,1,1,2,1,2,1,4
2015,33,Overwintering,2015_Overwintering,3,1,2015-06-05,2015-06-10,5,1,1,5,0,5,0,1
2015,33,Overwintering,2015_Overwintering,3,2,2015-06-05,2015-06-10,5,1,1,15,9,15,9,2
2015,33,Overwintering,2015_Overwintering,4,1,2015-06-05,2015-06-10,5,1,1,7,1,7,1,3
2015,33,Overwintering,2015_Overwintering,4,2,2015-06-05,2015-06-10,5,1,1,8,2,8,2,4
2015,33,Overwintering,2015_Overwintering,5,1,2015-06-05,2015-06-10,5,1,1,10,20,10,20,1
2015,33,Overwintering,2015_Overwintering,5,2,2015-06-05,2015-06-10,5,1,1,5,28,5,28,2
2015,33,Overwintering,2015_Overwintering,6,1,2015-06-05,2015-06-10,5,1,1,19,442,19,442,3
2015,33,Overwintering,2015_Overwintering,6,2,2015-06-05,2015-06-10,5,1,1,10,772,10,772,4
2015,33,Overwintering,2015_Overwintering,1,1,2015-06-11,2015-06-20,9,1,1,5,231,5,231,1
2015,33,Overwintering,2015_Overwintering,1,2,2015-06-11,2015-06-20,9,1,1,2,42,2,42,2
2015,33,Overwintering,2015_Overwintering,2,1,2015-06-11,2015-06-20,9,1,1,4,97,4,97,3
2015,33,Overwintering,2015_Overwintering,2,2,2015-06-11,2015-06-20,9,1,1,20,541,20,541,4
2015,33,Overwintering,2015_Overwintering,3,1,2015-06-11,2015-06-20,9,0.5,0.5,12,886,24,1772,1
2015,33,Overwintering,2015_Overwintering,3,2,2015-06-11,2015-06-20,9,0.25,0.25,6,524,24,2096,2
2015,33,Overwintering,2015_Overwintering,4,1,2015-06-11,2015-06-20,9,1,1,24,571,24,571,3
2015,33,Overwintering,2015_Overwintering,4,2,2015-06-11,2015-06-20,9,NA,NA,NA,NA,NA,NA,4
2015,33,Overwintering,2015_Overwintering,5,1,2015-06-11,2015-06-20,9,0.5,0.5,21,834,42,1668,1
2015,33,Overwintering,2015_Overwintering,5,2,2015-06-11,2015-06-20,9,0.5,0.5,29,658,58,1316,2
2015,33,Overwintering,2015_Overwintering,6,1,2015-06-11,2015-06-20,9,0.25,0.25,13,230,52,920,3
2015,33,Overwintering,2015_Overwintering,6,2,2015-06-11,2015-06-20,9,0.5,0.5,10,757,20,1514,4
2015,33,Overwintering,2015_Overwintering,1,1,2015-06-20,2015-07-02,12,1,1,0,4,0,4,1
2015,33,Overwintering,2015_Overwintering,1,2,2015-06-20,2015-07-02,12,1,1,0,7,0,7,2
2015,33,Overwintering,2015_Overwintering,2,1,2015-06-20,2015-07-02,12,1,1,0,20,0,20,3
2015,33,Overwintering,2015_Overwintering,2,2,2015-06-20,2015-07-02,12,1,1,1,5,1,5,4
2015,33,Overwintering,2015_Overwintering,3,1,2015-06-20,2015-07-02,12,1,1,0,32,0,32,1
2015,33,Overwintering,2015_Overwintering,3,2,2015-06-20,2015-07-02,12,1,1,1,41,1,41,2
2015,33,Overwintering,2015_Overwintering,4,1,2015-06-20,2015-07-02,12,1,1,2,7,2,7,3
2015,33,Overwintering,2015_Overwintering,4,2,2015-06-20,2015-07-02,12,1,1,0,23,0,23,4
2015,33,Overwintering,2015_Overwintering,5,1,2015-06-20,2015-07-02,12,1,1,2,18,2,18,1
2015,33,Overwintering,2015_Overwintering,5,2,2015-06-20,2015-07-02,12,1,1,4,25,4,25,2
2015,33,Overwintering,2015_Overwintering,6,1,2015-06-20,2015-07-02,12,1,1,0,10,0,10,3
2015,33,Overwintering,2015_Overwintering,6,2,2015-06-20,2015-07-02,12,1,1,0,32,0,32,4
2015,34,Summer,2015_Summer,1,1,2015-07-02,2015-07-23,21,1,1,0,1,0,1,1
2015,34,Summer,2015_Summer,1,2,2015-07-02,2015-07-23,21,1,1,0,0,0,0,2
2015,34,Summer,2015_Summer,2,1,2015-07-02,2015-07-24,22,1,1,0,5,0,5,3
2015,34,Summer,2015_Summer,2,2,2015-07-02,2015-07-24,22,1,1,0,5,0,5,1
2015,34,Summer,2015_Summer,3,1,2015-07-02,2015-07-23,21,1,1,0,0,0,0,2
2015,34,Summer,2015_Summer,3,2,2015-07-02,2015-07-23,21,1,1,0,0,0,0,3
2015,34,Summer,2015_Summer,4,1,2015-07-02,2015-07-24,22,1,1,0,9,0,9,1
2015,34,Summer,2015_Summer,4,2,2015-07-02,2015-07-24,22,1,1,0,1,0,1,2
2015,34,Summer,2015_Summer,5,1,2015-07-02,2015-07-24,22,1,1,1,15,1,15,3
2015,34,Summer,2015_Summer,5,2,2015-07-02,2015-07-24,22,1,1,0,12,0,12,1
2015,34,Summer,2015_Summer,6,1,2015-07-02,2015-07-24,22,1,1,0,0,0,0,2
2015,34,Summer,2015_Summer,6,2,2015-07-02,2015-07-24,22,1,1,0,12,0,12,3
2015,34,Summer,2015_Summer,1,1,2015-07-23,2015-08-12,20,1,1,0,34,0,34,1
2015,34,Summer,2015_Summer,1,2,2015-07-23,2015-08-12,20,1,1,0,14,0,14,2
2015,34,Summer,2015_Summer,2,1,2015-07-24,2015-08-12,19,1,1,0,9,0,9,3
2015,34,Summer,2015_Summer,2,2,2015-07-24,2015-08-12,19,1,1,0,38,0,38,1
2015,34,Summer,2015_Summer,3,1,2015-07-23,2015-08-12,20,1,1,0,3,0,3,2
2015,34,Summer,2015_Summer,3,2,2015-07-23,2015-08-12,20,1,1,0,16,0,16,3
2015,34,Summer,2015_Summer,4,1,2015-07-24,2015-08-11,18,1,1,0,36,0,36,1
2015,34,Summer,2015_Summer,4,2,2015-07-24,2015-08-11,18,1,1,0,57,0,57,2
2015,34,Summer,2015_Summer,5,1,2015-07-24,2015-08-11,18,1,1,0,120,0,120,3
2015,34,Summer,2015_Summer,5,2,2015-07-24,2015-08-11,18,1,1,0,33,0,33,1
2015,34,Summer,2015_Summer,6,1,2015-07-24,2015-08-12,19,1,1,0,0,0,0,2
2015,34,Summer,2015_Summer,6,2,2015-07-24,2015-08-12,19,1,1,0,38,0,38,3
2015,34,Summer,2015_Summer,1,1,2015-08-12,2015-08-18,6,1,1,0,205,0,205,1
2015,34,Summer,2015_Summer,1,2,2015-08-12,2015-08-18,6,1,1,0,116,0,116,2
2015,34,Summer,2015_Summer,2,1,2015-08-12,2015-08-19,7,1,1,0,14,0,14,3
2015,34,Summer,2015_Summer,2,2,2015-08-12,2015-08-19,7,1,1,0,22,0,22,1
2015,34,Summer,2015_Summer,3,1,2015-08-12,2015-08-18,6,1,1,0,0,0,0,2
2015,34,Summer,2015_Summer,3,2,2015-08-12,2015-08-18,6,1,1,0,0,0,0,3
2015,34,Summer,2015_Summer,4,1,2015-08-11,2015-08-19,8,1,1,0,204,0,204,1
2015,34,Summer,2015_Summer,4,2,2015-08-11,2015-08-19,8,1,1,0,79,0,79,2
2015,34,Summer,2015_Summer,5,1,2015-08-11,2015-08-19,8,1,1,0,183,0,183,3
2015,34,Summer,2015_Summer,5,2,2015-08-11,2015-08-19,8,1,1,0,194,0,194,1
2015,34,Summer,2015_Summer,6,1,2015-08-12,2015-08-19,7,1,1,0,10,0,10,2
2015,34,Summer,2015_Summer,6,2,2015-08-12,2015-08-19,7,NA,NA,NA,NA,NA,NA,3
2016,35,Overwintering,2016_Overwintering,1,1,2016-05-29,2016-06-13,15,1,1,0,35,0,35,1
2016,35,Overwintering,2016_Overwintering,1,2,2016-05-29,2016-06-13,15,1,1,5,15,5,15,2
2016,35,Overwintering,2016_Overwintering,2,1,2016-05-29,2016-06-13,15,1,1,6,8,6,8,1
2016,35,Overwintering,2016_Overwintering,2,2,2016-05-29,2016-06-13,15,1,1,1,4,1,4,2
2016,35,Overwintering,2016_Overwintering,3,1,2016-05-30,2016-06-13,14,1,1,7,16,7,16,1
2016,35,Overwintering,2016_Overwintering,3,2,2016-05-30,2016-06-13,14,1,1,25,34,25,34,2
2016,35,Overwintering,2016_Overwintering,4,1,2016-05-30,2016-06-13,14,1,1,19,849,19,849,1
2016,35,Overwintering,2016_Overwintering,4,2,2016-05-30,2016-06-13,14,1,1,72,1010,72,1010,2
2016,35,Overwintering,2016_Overwintering,5,1,2016-05-31,2016-06-13,13,1,1,0,33,0,33,1
2016,35,Overwintering,2016_Overwintering,5,2,2016-05-31,2016-06-13,13,1,1,6,26,6,26,2
2016,35,Overwintering,2016_Overwintering,6,1,2016-05-31,2016-06-13,13,1,1,1,3,1,3,1
2016,35,Overwintering,2016_Overwintering,6,2,2016-05-31,2016-06-13,13,1,1,0,2,0,2,2
2016,35,Overwintering,2016_Overwintering,1,1,2016-06-13,2016-06-26,13,1,1,0,6,0,6,1
2016,35,Overwintering,2016_Overwintering,1,2,2016-06-13,2016-06-26,13,1,1,0,1,0,1,2
2016,35,Overwintering,2016_Overwintering,2,1,2016-06-13,2016-06-27,14,1,1,0,4,0,4,1
2016,35,Overwintering,2016_Overwintering,2,2,2016-06-13,2016-06-27,14,1,1,0,7,0,7,2
2016,35,Overwintering,2016_Overwintering,3,1,2016-06-13,2016-06-26,13,1,1,0,4,0,4,1
2016,35,Overwintering,2016_Overwintering,3,2,2016-06-13,2016-06-26,13,1,1,1,3,1,3,2
2016,35,Overwintering,2016_Overwintering,4,1,2016-06-13,2016-06-26,13,1,1,0,5,0,5,1
2016,35,Overwintering,2016_Overwintering,4,2,2016-06-13,2016-06-26,13,1,1,0,5,0,5,2
2016,35,Overwintering,2016_Overwintering,5,1,2016-06-13,2016-06-27,14,1,1,0,8,0,8,1
2016,35,Overwintering,2016_Overwintering,5,2,2016-06-13,2016-06-27,14,1,1,0,26,0,26,2
2016,35,Overwintering,2016_Overwintering,6,1,2016-06-13,2016-06-27,14,1,1,0,3,0,3,1
2016,35,Overwintering,2016_Overwintering,6,2,2016-06-13,2016-06-27,14,1,1,0,6,0,6,2
2016,36,Summer,2016_Summer,1,1,2016-06-26,2016-07-13,17,1,1,0,1070,0,1070,1
2016,36,Summer,2016_Summer,1,2,2016-06-26,2016-07-13,17,1,1,0,397,0,397,2
2016,36,Summer,2016_Summer,2,1,2016-06-27,2016-07-13,16,1,1,0,4,0,4,3
2016,36,Summer,2016_Summer,2,2,2016-06-27,2016-07-13,16,1,1,0,2,0,2,1
2016,36,Summer,2016_Summer,3,1,2016-06-26,2016-07-13,17,1,1,0,653,0,653,2
2016,36,Summer,2016_Summer,3,2,2016-06-26,2016-07-13,17,NA,NA,NA,NA,NA,NA,3
2016,36,Summer,2016_Summer,4,1,2016-06-26,2016-07-13,17,1,1,0,91,0,91,1
2016,36,Summer,2016_Summer,4,2,2016-06-26,2016-07-13,17,1,1,0,53,0,53,2
2016,36,Summer,2016_Summer,5,1,2016-06-27,2016-07-14,17,1,1,0,9,0,9,3
2016,36,Summer,2016_Summer,5,2,2016-06-27,2016-07-14,17,NA,NA,NA,NA,NA,NA,1
2016,36,Summer,2016_Summer,6,1,2016-06-27,2016-07-14,17,1,1,0,59,0,59,2
2016,36,Summer,2016_Summer,6,2,2016-06-27,2016-07-14,17,1,1,0,26,0,26,3
2016,36,Summer,2016_Summer,1,1,2016-07-13,2016-08-01,19,1,1,0,110,0,110,1
2016,36,Summer,2016_Summer,1,2,2016-07-13,2016-08-01,19,1,1,0,67,0,67,2
2016,36,Summer,2016_Summer,2,1,2016-07-13,2016-08-01,19,1,1,0,115,0,115,3
2016,36,Summer,2016_Summer,2,2,2016-07-13,2016-08-01,19,1,1,0,24,0,24,1
2016,36,Summer,2016_Summer,3,1,2016-07-13,2016-08-01,19,1,1,0,181,0,181,2
2016,36,Summer,2016_Summer,3,2,2016-07-13,2016-08-01,19,NA,NA,NA,NA,NA,NA,3
2016,36,Summer,2016_Summer,4,1,2016-07-13,2016-08-01,19,1,1,0,155,0,155,1
2016,36,Summer,2016_Summer,4,2,2016-07-13,2016-08-01,19,1,1,0,136,0,136,2
2016,36,Summer,2016_Summer,5,1,2016-07-14,2016-08-01,18,1,1,0,128,0,128,3
2016,36,Summer,2016_Summer,5,2,2016-07-14,2016-08-01,18,NA,NA,NA,NA,NA,NA,1
2016,36,Summer,2016_Summer,6,1,2016-07-14,2016-08-01,18,1,1,0,52,0,52,2
2016,36,Summer,2016_Summer,6,2,2016-07-14,2016-08-01,18,1,1,0,106,0,106,3
2016,36,Summer,2016_Summer,1,1,2016-08-01,2016-08-10,9,1,1,0,2,0,2,1
2016,36,Summer,2016_Summer,1,2,2016-08-01,2016-08-10,9,1,1,0,0,0,0,2
2016,36,Summer,2016_Summer,2,1,2016-08-01,2016-08-10,9,1,1,0,102,0,102,3
2016,36,Summer,2016_Summer,2,2,2016-08-01,2016-08-10,9,1,1,0,122,0,122,1
2016,36,Summer,2016_Summer,3,1,2016-08-01,2016-08-10,9,1,1,0,4,0,4,2
2016,36,Summer,2016_Summer,3,2,2016-08-01,2016-08-10,9,NA,NA,NA,NA,NA,NA,3
2016,36,Summer,2016_Summer,4,1,2016-08-01,2016-08-09,8,1,1,0,4,0,4,1
2016,36,Summer,2016_Summer,4,2,2016-08-01,2016-08-09,8,1,1,0,4,0,4,2
2016,36,Summer,2016_Summer,5,1,2016-08-01,2016-08-09,8,1,1,0,153,0,153,3
2016,36,Summer,2016_Summer,5,2,2016-08-01,2016-08-09,8,NA,NA,NA,NA,NA,NA,1
2016,36,Summer,2016_Summer,6,1,2016-08-01,2016-08-09,8,1,1,0,5,0,5,2
2016,36,Summer,2016_Summer,6,2,2016-08-01,2016-08-09,8,1,1,0,9,0,9,3
2017,37,Overwintering,2017_Overwintering,1,1,2017-05-26,2017-06-09,14,1,1,3,18,3,18,1
2017,37,Overwintering,2017_Overwintering,1,2,2017-05-26,2017-06-09,14,1,1,32,38,32,38,2
2017,37,Overwintering,2017_Overwintering,2,1,2017-05-26,2017-06-09,14,1,1,9,20,9,20,3
2017,37,Overwintering,2017_Overwintering,2,2,2017-05-26,2017-06-09,14,1,1,37,14,37,14,1
2017,37,Overwintering,2017_Overwintering,3,1,2017-05-26,2017-06-09,14,1,1,22,27,22,27,2
2017,37,Overwintering,2017_Overwintering,3,2,2017-05-26,2017-06-09,14,1,1,14,60,14,60,3
2017,37,Overwintering,2017_Overwintering,4,1,2017-05-26,2017-06-09,14,1,1,24,3,24,3,1
2017,37,Overwintering,2017_Overwintering,4,2,2017-05-26,2017-06-09,14,NA,NA,NA,NA,NA,NA,2
2017,37,Overwintering,2017_Overwintering,5,1,2017-05-25,2017-06-10,16,1,1,20,58,20,58,3
2017,37,Overwintering,2017_Overwintering,5,2,2017-05-25,2017-06-10,16,1,1,14,58,14,58,1
2017,37,Overwintering,2017_Overwintering,6,1,2017-05-25,2017-06-10,16,1,1,2,60,2,60,2
2017,37,Overwintering,2017_Overwintering,6,2,2017-05-25,2017-06-10,16,1,1,3,27,3,27,3
2017,37,Overwintering,2017_Overwintering,1,1,2017-06-09,2017-06-22,13,1,1,6,3,6,3,1
2017,37,Overwintering,2017_Overwintering,1,2,2017-06-09,2017-06-22,13,1,1,1,2,1,2,2
2017,37,Overwintering,2017_Overwintering,2,1,2017-06-09,2017-06-22,13,1,1,2,0,2,0,3
2017,37,Overwintering,2017_Overwintering,2,2,2017-06-09,2017-06-22,13,1,1,2,7,2,7,1
2017,37,Overwintering,2017_Overwintering,3,1,2017-06-09,2017-06-22,13,1,1,3,5,3,5,2
2017,37,Overwintering,2017_Overwintering,3,2,2017-06-09,2017-06-22,13,1,1,11,7,11,7,3
2017,37,Overwintering,2017_Overwintering,4,1,2017-06-09,2017-06-22,13,1,1,1,17,1,17,1
2017,37,Overwintering,2017_Overwintering,4,2,2017-06-09,2017-06-22,13,1,1,3,1,3,1,2
2017,37,Overwintering,2017_Overwintering,5,1,2017-06-10,2017-06-20,10,1,1,9,50,9,50,3
2017,37,Overwintering,2017_Overwintering,5,2,2017-06-10,2017-06-20,10,NA,NA,NA,NA,NA,NA,1
2017,37,Overwintering,2017_Overwintering,6,1,2017-06-10,2017-06-20,10,1,1,0,12,0,12,2
2017,37,Overwintering,2017_Overwintering,6,2,2017-06-10,2017-06-20,10,1,1,0,4,0,4,3
2017,37,Overwintering,2017_Overwintering,1,1,2017-06-22,2017-07-05,13,1,1,0,7,0,7,1
2017,37,Overwintering,2017_Overwintering,1,2,2017-06-22,2017-07-05,13,1,1,0,4,0,4,2
2017,37,Overwintering,2017_Overwintering,2,1,2017-06-22,2017-07-05,13,1,1,0,7,0,7,3
2017,37,Overwintering,2017_Overwintering,2,2,2017-06-22,2017-07-05,13,1,1,0,0,0,0,1
2017,37,Overwintering,2017_Overwintering,3,1,2017-06-22,2017-07-05,13,1,1,0,6,0,6,2
2017,37,Overwintering,2017_Overwintering,3,2,2017-06-22,2017-07-05,13,1,1,0,5,0,5,3
2017,37,Overwintering,2017_Overwintering,4,1,2017-06-22,2017-07-05,13,1,1,0,2,0,2,1
2017,37,Overwintering,2017_Overwintering,4,2,2017-06-22,2017-07-05,13,1,1,0,11,0,11,2
2017,37,Overwintering,2017_Overwintering,5,1,2017-06-20,2017-07-05,15,1,1,0,4,0,4,3
2017,37,Overwintering,2017_Overwintering,5,2,2017-06-20,2017-07-05,15,1,1,NA,NA,NA,NA,1
2017,37,Overwintering,2017_Overwintering,6,1,2017-06-20,2017-07-05,15,1,1,0,9,0,9,2
2017,37,Overwintering,2017_Overwintering,6,2,2017-06-20,2017-07-05,15,1,1,0,11,0,11,3
2017,38,Summer,2017_Summer,1,1,2017-07-05,2017-07-21,16,1,1,0,12,0,12,1
2017,38,Summer,2017_Summer,1,2,2017-07-05,2017-07-21,16,1,1,0,17,0,17,2
2017,38,Summer,2017_Summer,2,1,2017-07-05,2017-07-21,16,1,1,0,3,0,3,3
2017,38,Summer,2017_Summer,2,2,2017-07-05,2017-07-21,16,1,1,0,7,0,7,1
2017,38,Summer,2017_Summer,3,1,2017-07-05,2017-07-21,16,1,1,0,11,0,11,2
2017,38,Summer,2017_Summer,3,2,2017-07-05,2017-07-21,16,1,1,0,23,0,23,3
2017,38,Summer,2017_Summer,4,1,2017-07-05,2017-07-21,16,1,1,0,144,0,144,1
2017,38,Summer,2017_Summer,4,2,2017-07-05,2017-07-21,16,1,1,0,15,0,15,2
2017,38,Summer,2017_Summer,5,1,2017-07-05,2017-07-21,16,1,1,0,6,0,6,3
2017,38,Summer,2017_Summer,5,2,2017-07-05,2017-07-21,16,1,1,0,1,0,1,1
2017,38,Summer,2017_Summer,6,1,2017-07-05,2017-07-21,16,1,1,0,205,0,205,2
2017,38,Summer,2017_Summer,6,2,2017-07-05,2017-07-21,16,1,1,0,339,0,339,3
2017,38,Summer,2017_Summer,1,1,2017-07-21,2017-08-02,12,1,1,0,68,0,68,1
2017,38,Summer,2017_Summer,1,2,2017-07-21,2017-08-02,12,1,1,0,50,0,50,2
2017,38,Summer,2017_Summer,2,1,2017-07-21,2017-08-04,14,1,1,0,38,0,38,3
2017,38,Summer,2017_Summer,2,2,2017-07-21,2017-08-04,14,1,1,0,39,0,39,1
2017,38,Summer,2017_Summer,3,1,2017-07-21,2017-08-04,14,1,1,0,29,0,29,2
2017,38,Summer,2017_Summer,3,2,2017-07-21,2017-08-04,14,NA,NA,NA,NA,NA,NA,3
2017,38,Summer,2017_Summer,4,1,2017-07-21,2017-08-04,14,1,1,0,25,0,25,1
2017,38,Summer,2017_Summer,4,2,2017-07-21,2017-08-04,14,1,1,0,41,0,41,2
2017,38,Summer,2017_Summer,5,1,2017-07-21,2017-08-02,12,1,1,0,3,0,3,3
2017,38,Summer,2017_Summer,5,2,2017-07-21,2017-08-02,12,1,1,0,8,0,8,1
2017,38,Summer,2017_Summer,6,1,2017-07-21,2017-08-02,12,1,1,0,669,0,669,2
2017,38,Summer,2017_Summer,6,2,2017-07-21,2017-08-02,12,1,1,0,483,0,483,3
2017,38,Summer,2017_Summer,1,1,2017-08-02,2017-08-14,12,1,1,0,80,0,80,1
2017,38,Summer,2017_Summer,1,2,2017-08-02,2017-08-14,12,NA,NA,NA,NA,NA,NA,2
2017,38,Summer,2017_Summer,2,1,2017-08-04,2017-08-13,9,1,1,0,58,0,58,3
2017,38,Summer,2017_Summer,2,2,2017-08-04,2017-08-13,9,1,1,0,46,0,46,1
2017,38,Summer,2017_Summer,3,1,2017-08-04,2017-08-13,9,1,1,0,0,0,0,2
2017,38,Summer,2017_Summer,3,2,2017-08-04,2017-08-13,9,1,1,0,3,0,3,3
2017,38,Summer,2017_Summer,4,1,2017-08-04,2017-08-13,9,1,1,0,17,0,17,1
2017,38,Summer,2017_Summer,4,2,2017-08-04,2017-08-13,9,1,1,0,3,0,3,2
2017,38,Summer,2017_Summer,5,1,2017-08-02,2017-08-13,11,1,1,0,0,0,0,3
2017,38,Summer,2017_Summer,5,2,2017-08-02,2017-08-13,11,1,1,0,4,0,4,1
2017,38,Summer,2017_Summer,6,1,2017-08-02,2017-08-14,12,1,1,0,74,0,74,2
2017,38,Summer,2017_Summer,6,2,2017-08-02,2017-08-14,12,1,1,0,32,0,32,3
2018,39,Overwintering,2018_Overwintering,1,1,2018-05-27,2018-06-06,10,1,1,8,152,8,152,1
2018,39,Overwintering,2018_Overwintering,1,2,2018-05-27,2018-06-06,10,1,1,15,83,15,83,2
2018,39,Overwintering,2018_Overwintering,2,1,2018-05-29,2018-06-06,8,1,1,58,131,58,131,3
2018,39,Overwintering,2018_Overwintering,2,2,2018-05-29,2018-06-06,8,NA,NA,NA,NA,NA,NA,1
2018,39,Overwintering,2018_Overwintering,3,1,2018-05-27,2018-06-06,10,1,1,51,628,51,628,2
2018,39,Overwintering,2018_Overwintering,3,2,2018-05-27,2018-06-06,10,1,1,54,135,54,135,3
2018,39,Overwintering,2018_Overwintering,4,1,2018-05-29,2018-06-06,8,1,1,45,181,45,181,1
2018,39,Overwintering,2018_Overwintering,4,2,2018-05-29,2018-06-06,8,1,1,10,14,10,14,2
2018,39,Overwintering,2018_Overwintering,5,1,2018-05-27,2018-06-06,10,0.25,0.25,1,675,4,2700,3
2018,39,Overwintering,2018_Overwintering,5,2,2018-05-27,2018-06-06,10,0.25,0.25,0,325,0,1300,1
2018,39,Overwintering,2018_Overwintering,6,1,2018-05-27,2018-06-06,10,NA,NA,NA,NA,NA,NA,2
2018,39,Overwintering,2018_Overwintering,6,2,2018-05-27,2018-06-06,10,NA,NA,NA,NA,NA,NA,3
2018,39,Overwintering,2018_Overwintering,1,1,2018-06-06,2018-06-16,10,1,1,6,33,6,33,1
2018,39,Overwintering,2018_Overwintering,1,2,2018-06-06,2018-06-16,10,1,1,0,9,0,9,2
2018,39,Overwintering,2018_Overwintering,2,1,2018-06-06,2018-06-16,10,1,1,5,28,5,28,3
2018,39,Overwintering,2018_Overwintering,2,2,2018-06-06,2018-06-16,10,1,1,1,26,1,26,1
2018,39,Overwintering,2018_Overwintering,3,1,2018-06-06,2018-06-16,10,NA,NA,NA,NA,NA,NA,2
2018,39,Overwintering,2018_Overwintering,3,2,2018-06-06,2018-06-16,10,1,1,1,5,1,5,3
2018,39,Overwintering,2018_Overwintering,4,1,2018-06-06,2018-06-16,10,1,1,1,17,1,17,1
2018,39,Overwintering,2018_Overwintering,4,2,2018-06-06,2018-06-16,10,1,1,0,18,0,18,2
2018,39,Overwintering,2018_Overwintering,5,1,2018-06-06,2018-06-16,10,1,1,1,122,1,122,3
2018,39,Overwintering,2018_Overwintering,5,2,2018-06-06,2018-06-16,10,1,1,0,97,0,97,1
2018,39,Overwintering,2018_Overwintering,6,1,2018-06-06,2018-06-16,10,NA,NA,NA,NA,NA,NA,2
2018,39,Overwintering,2018_Overwintering,6,2,2018-06-06,2018-06-16,10,NA,NA,NA,NA,NA,NA,3
2018,39,Overwintering,2018_Overwintering,1,1,2018-06-16,2018-06-27,11,1,1,0,8,0,8,1
2018,39,Overwintering,2018_Overwintering,1,2,2018-06-16,2018-06-27,11,1,1,0,10,0,10,2
2018,39,Overwintering,2018_Overwintering,2,1,2018-06-16,2018-06-27,11,1,1,0,31,0,31,3
2018,39,Overwintering,2018_Overwintering,2,2,2018-06-16,2018-06-27,11,1,1,0,13,0,13,1
2018,39,Overwintering,2018_Overwintering,3,1,2018-06-16,2018-06-27,11,1,1,0,0,0,0,2
2018,39,Overwintering,2018_Overwintering,3,2,2018-06-16,2018-06-27,11,1,1,NA,NA,NA,NA,3
2018,39,Overwintering,2018_Overwintering,4,1,2018-06-16,2018-06-27,11,1,1,0,18,0,18,1
2018,39,Overwintering,2018_Overwintering,4,2,2018-06-16,2018-06-27,11,1,1,1,32,1,32,2
2018,39,Overwintering,2018_Overwintering,5,1,2018-06-16,2018-06-27,11,1,1,0,34,0,34,3
2018,39,Overwintering,2018_Overwintering,5,2,2018-06-16,2018-06-27,11,1,1,0,14,0,14,1
2018,39,Overwintering,2018_Overwintering,6,1,2018-06-16,2018-06-27,11,1,1,1,163,1,163,2
2018,39,Overwintering,2018_Overwintering,6,2,2018-06-16,2018-06-27,11,1,1,0,13,0,13,3
2018,40,Summer,2018_Summer,1,1,2018-06-27,2018-07-18,21,1,1,0,206,0,206,1
2018,40,Summer,2018_Summer,1,2,2018-06-27,2018-07-18,21,0.5,0.5,0,117,0,234,2
2018,40,Summer,2018_Summer,2,1,2018-06-27,2018-07-18,21,1,1,0,1,0,1,3
2018,40,Summer,2018_Summer,2,2,2018-06-27,2018-07-18,21,1,1,0,12,0,12,1
2018,40,Summer,2018_Summer,3,1,2018-06-27,2018-07-18,21,NA,NA,NA,NA,NA,NA,2
2018,40,Summer,2018_Summer,3,2,2018-06-27,2018-07-18,21,1,1,0,27,0,27,3
2018,40,Summer,2018_Summer,4,1,2018-06-27,2018-07-18,21,NA,NA,NA,NA,NA,NA,1
2018,40,Summer,2018_Summer,4,2,2018-06-27,2018-07-18,21,1,1,0,0,0,0,2
2018,40,Summer,2018_Summer,5,1,2018-06-27,2018-07-18,21,0.25,0.25,0,223,0,892,3
2018,40,Summer,2018_Summer,5,2,2018-06-27,2018-07-18,21,1,1,0,121,0,121,1
2018,40,Summer,2018_Summer,6,1,2018-06-27,2018-07-18,21,1,1,0,17,0,17,2
2018,40,Summer,2018_Summer,6,2,2018-06-27,2018-07-18,21,1,1,0,20,0,20,3
2018,40,Summer,2018_Summer,1,1,2018-07-18,2018-08-02,15,1,1,0,58,0,58,1
2018,40,Summer,2018_Summer,1,2,2018-07-18,2018-08-02,15,1,1,0,26,0,26,2
2018,40,Summer,2018_Summer,2,1,2018-07-18,2018-08-02,15,1,1,0,17,0,17,3
2018,40,Summer,2018_Summer,2,2,2018-07-18,2018-08-02,15,1,1,4,16,4,16,1
2018,40,Summer,2018_Summer,3,1,2018-07-18,2018-08-02,15,1,1,0,94,0,94,2
2018,40,Summer,2018_Summer,3,2,2018-07-18,2018-08-02,15,1,1,0,42,0,42,3
2018,40,Summer,2018_Summer,4,1,2018-07-18,2018-08-02,15,1,1,0,15,0,15,1
2018,40,Summer,2018_Summer,4,2,2018-07-18,2018-08-02,15,1,1,0,16,0,16,2
2018,40,Summer,2018_Summer,5,1,2018-07-18,2018-08-02,15,NA,NA,NA,NA,NA,NA,3
2018,40,Summer,2018_Summer,5,2,2018-07-18,2018-08-02,15,1,1,0,414,0,414,1
2018,40,Summer,2018_Summer,6,1,2018-07-18,2018-08-02,15,1,1,2,70,2,70,2
2018,40,Summer,2018_Summer,6,2,2018-07-18,2018-08-02,15,1,1,0,208,0,208,3
2018,40,Summer,2018_Summer,1,1,2018-08-02,2018-08-13,11,1,1,0,6,0,6,1
2018,40,Summer,2018_Summer,1,2,2018-08-02,2018-08-13,11,1,1,0,4,0,4,2
2018,40,Summer,2018_Summer,2,1,2018-08-02,2018-08-13,11,1,1,0,37,0,37,3
2018,40,Summer,2018_Summer,2,2,2018-08-02,2018-08-13,11,1,1,3,11,3,11,1
2018,40,Summer,2018_Summer,3,1,2018-08-02,2018-08-13,11,1,1,0,0,0,0,2
2018,40,Summer,2018_Summer,3,2,2018-08-02,2018-08-13,11,1,1,0,0,0,0,3
2018,40,Summer,2018_Summer,4,1,2018-08-02,2018-08-13,11,1,1,0,36,0,36,1
2018,40,Summer,2018_Summer,4,2,2018-08-02,2018-08-13,11,1,1,0,59,0,59,2
2018,40,Summer,2018_Summer,5,1,2018-08-02,2018-08-13,11,NA,NA,NA,NA,NA,NA,3
2018,40,Summer,2018_Summer,5,2,2018-08-02,2018-08-13,11,1,1,0,12,0,12,1
2018,40,Summer,2018_Summer,6,1,2018-08-02,2018-08-13,11,1,1,0,54,0,54,2
2018,40,Summer,2018_Summer,6,2,2018-08-02,2018-08-13,11,1,1,0,46,0,46,3
2019,41,Overwintering,2019_Overwintering,1,1,2019-05-21,2019-05-30,9,0.5,0.5,7,117,14,234,1
2019,41,Overwintering,2019_Overwintering,1,2,2019-05-21,2019-05-30,9,0.5,0.5,19,144,38,288,2
2019,41,Overwintering,2019_Overwintering,2,1,2019-05-21,2019-05-30,9,NA,NA,NA,NA,NA,NA,3
2019,41,Overwintering,2019_Overwintering,2,2,2019-05-21,2019-05-30,9,1,1,18,226,18,226,4
2019,41,Overwintering,2019_Overwintering,3,1,2019-05-20,2019-05-30,10,1,1,2,14,2,14,1
2019,41,Overwintering,2019_Overwintering,3,2,2019-05-20,2019-05-30,10,1,1,5,15,5,15,2
2019,41,Overwintering,2019_Overwintering,4,1,2019-05-21,2019-05-30,9,1,1,8,127,8,127,3
2019,41,Overwintering,2019_Overwintering,4,2,2019-05-21,2019-05-30,9,1,1,17,159,17,159,4
2019,41,Overwintering,2019_Overwintering,5,1,2019-05-20,2019-05-30,10,0.5,0.5,11,101,22,202,1
2019,41,Overwintering,2019_Overwintering,5,2,2019-05-20,2019-05-30,10,0.5,0.5,10,176,20,352,2
2019,41,Overwintering,2019_Overwintering,6,1,2019-05-20,2019-05-30,10,1,1,3,61,3,61,3
2019,41,Overwintering,2019_Overwintering,6,2,2019-05-20,2019-05-30,10,1,1,3,75,3,75,4
2019,41,Overwintering,2019_Overwintering,1,1,2019-05-30,2019-06-07,8,1,1,7,88,7,88,1
2019,41,Overwintering,2019_Overwintering,1,2,2019-05-30,2019-06-07,8,1,1,16,108,16,108,2
2019,41,Overwintering,2019_Overwintering,2,1,2019-05-30,2019-06-09,10,NA,NA,NA,NA,NA,NA,3
2019,41,Overwintering,2019_Overwintering,2,2,2019-05-30,2019-06-09,10,1,1,7,20,7,20,4
2019,41,Overwintering,2019_Overwintering,3,1,2019-05-30,2019-06-09,10,1,1,0,2,0,2,1
2019,41,Overwintering,2019_Overwintering,3,2,2019-05-30,2019-06-09,10,1,1,3,11,3,11,2
2019,41,Overwintering,2019_Overwintering,4,1,2019-05-30,2019-06-09,10,NA,NA,NA,NA,NA,NA,3
2019,41,Overwintering,2019_Overwintering,4,2,2019-05-30,2019-06-09,10,NA,NA,NA,NA,NA,NA,4
2019,41,Overwintering,2019_Overwintering,5,1,2019-05-30,2019-06-07,8,1,1,59,78,59,78,1
2019,41,Overwintering,2019_Overwintering,5,2,2019-05-30,2019-06-07,8,1,1,66,113,66,113,2
2019,41,Overwintering,2019_Overwintering,6,1,2019-05-30,2019-06-09,10,1,1,0,132,0,132,3
2019,41,Overwintering,2019_Overwintering,6,2,2019-05-30,2019-06-09,10,1,1,0,81,0,81,4
2019,41,Overwintering,2019_Overwintering,1,1,2019-06-07,2019-06-15,8,1,1,3,11,3,11,1
2019,41,Overwintering,2019_Overwintering,1,2,2019-06-07,2019-06-15,8,1,1,3,8,3,8,2
2019,41,Overwintering,2019_Overwintering,2,1,2019-06-09,2019-06-15,6,1,1,4,4,4,4,3
2019,41,Overwintering,2019_Overwintering,2,2,2019-06-09,2019-06-15,6,1,1,1,1,1,1,4
2019,41,Overwintering,2019_Overwintering,3,1,2019-06-09,2019-06-15,6,1,1,1,0,1,0,1
2019,41,Overwintering,2019_Overwintering,3,2,2019-06-09,2019-06-15,6,1,1,0,3,0,3,2
2019,41,Overwintering,2019_Overwintering,4,1,2019-06-09,2019-06-15,6,NA,NA,NA,NA,NA,NA,3
2019,41,Overwintering,2019_Overwintering,4,2,2019-06-09,2019-06-15,6,NA,NA,NA,NA,NA,NA,4
2019,41,Overwintering,2019_Overwintering,5,1,2019-06-07,2019-06-15,8,1,1,12,37,12,37,1
2019,41,Overwintering,2019_Overwintering,5,2,2019-06-07,2019-06-15,8,1,1,11,49,11,49,2
2019,41,Overwintering,2019_Overwintering,6,1,2019-06-09,2019-06-15,6,1,1,4,0,4,0,3
2019,41,Overwintering,2019_Overwintering,6,2,2019-06-09,2019-06-15,6,NA,NA,NA,NA,NA,NA,4
2019,41,Overwintering,2019_Overwintering,1,1,2019-06-15,2019-07-03,18,1,1,0,0,0,0,1
2019,41,Overwintering,2019_Overwintering,1,2,2019-06-15,2019-07-03,18,1,1,0,1,0,1,2
2019,41,Overwintering,2019_Overwintering,2,1,2019-06-15,2019-07-03,18,NA,NA,NA,NA,NA,NA,3
2019,41,Overwintering,2019_Overwintering,2,2,2019-06-15,2019-07-03,18,NA,NA,NA,NA,NA,NA,4
2019,41,Overwintering,2019_Overwintering,3,1,2019-06-15,2019-07-03,18,1,1,0,0,0,0,1
2019,41,Overwintering,2019_Overwintering,3,2,2019-06-15,2019-07-03,18,NA,NA,NA,NA,NA,NA,2
2019,41,Overwintering,2019_Overwintering,4,1,2019-06-15,2019-07-03,18,1,1,1,1,1,1,3
2019,41,Overwintering,2019_Overwintering,4,2,2019-06-15,2019-07-03,18,1,1,0,0,0,0,4
2019,41,Overwintering,2019_Overwintering,5,1,2019-06-15,2019-07-03,18,1,1,0,5,0,5,1
2019,41,Overwintering,2019_Overwintering,5,2,2019-06-15,2019-07-03,18,1,1,3,13,3,13,2
2019,41,Overwintering,2019_Overwintering,6,1,2019-06-15,2019-07-03,18,1,1,1,5,1,5,3
2019,41,Overwintering,2019_Overwintering,6,2,2019-06-15,2019-07-03,18,1,1,1,4,1,4,4
2019,42,Summer,2019_Summer,1,1,2019-07-03,2019-07-23,20,1,1,0,161,0,161,1
2019,42,Summer,2019_Summer,1,2,2019-07-03,2019-07-23,20,1,1,0,150,0,150,2
2019,42,Summer,2019_Summer,2,1,2019-07-03,2019-07-23,20,1,1,0,16,0,16,1
2019,42,Summer,2019_Summer,2,2,2019-07-03,2019-07-23,20,NA,NA,NA,NA,NA,NA,2
2019,42,Summer,2019_Summer,3,1,2019-07-03,2019-07-23,20,1,1,0,5,0,5,1
2019,42,Summer,2019_Summer,3,2,2019-07-03,2019-07-23,20,1,1,0,10,0,10,2
2019,42,Summer,2019_Summer,4,1,2019-07-03,2019-07-23,20,NA,NA,NA,NA,NA,NA,1
2019,42,Summer,2019_Summer,4,2,2019-07-03,2019-07-23,20,NA,NA,NA,NA,NA,NA,2
2019,42,Summer,2019_Summer,5,1,2019-07-03,2019-07-23,20,1,1,0,25,0,25,1
2019,42,Summer,2019_Summer,5,2,2019-07-03,2019-07-23,20,NA,NA,NA,NA,NA,NA,2
2019,42,Summer,2019_Summer,6,1,2019-07-03,2019-07-23,20,NA,NA,NA,NA,NA,NA,1
2019,42,Summer,2019_Summer,6,2,2019-07-03,2019-07-23,20,1,1,0,216,0,216,2
2019,42,Summer,2019_Summer,1,1,2019-07-23,2019-08-20,28,1,1,0,5,0,5,1
2019,42,Summer,2019_Summer,1,2,2019-07-23,2019-08-20,28,1,1,0,1,0,1,2
2019,42,Summer,2019_Summer,2,1,2019-07-23,2019-08-20,28,1,1,0,6,0,6,1
2019,42,Summer,2019_Summer,2,2,2019-07-23,2019-08-20,28,1,1,0,44,0,44,2
2019,42,Summer,2019_Summer,3,1,2019-07-23,2019-08-20,28,1,1,0,4,0,4,1
2019,42,Summer,2019_Summer,3,2,2019-07-23,2019-08-20,28,1,1,0,12,0,12,2
2019,42,Summer,2019_Summer,4,1,2019-07-23,2019-08-20,28,1,1,0,4,0,4,1
2019,42,Summer,2019_Summer,4,2,2019-07-23,2019-08-20,28,1,1,0,3,0,3,2
2019,42,Summer,2019_Summer,5,1,2019-07-23,2019-08-20,28,1,1,0,10,0,10,1
2019,42,Summer,2019_Summer,5,2,2019-07-23,2019-08-20,28,1,1,0,17,0,17,2
2019,42,Summer,2019_Summer,6,1,2019-07-23,2019-08-20,28,1,1,0,15,0,15,1
2019,42,Summer,2019_Summer,6,2,2019-07-23,2019-08-20,28,1,1,0,22,0,22,2
2020,43,Overwintering,2020_Overwintering,1,1,2020-06-02,2020-07-10,38,1,1,0,179,0,179,1
2020,43,Overwintering,2020_Overwintering,1,2,2020-06-02,2020-07-10,38,1,1,0,285,0,285,1
2020,43,Overwintering,2020_Overwintering,2,1,2020-06-02,2020-07-10,38,1,1,NA,NA,NA,NA,1
2020,43,Overwintering,2020_Overwintering,2,2,2020-06-02,2020-07-10,38,1,1,0,67,0,67,1
2020,43,Overwintering,2020_Overwintering,3,1,2020-06-02,2020-07-10,38,1,1,0,170,0,170,1
2020,43,Overwintering,2020_Overwintering,3,2,2020-06-02,2020-07-10,38,1,1,0,8,0,8,1
2020,43,Overwintering,2020_Overwintering,4,1,2020-06-02,2020-07-11,39,1,1,0,23,0,23,1
2020,43,Overwintering,2020_Overwintering,4,2,2020-06-02,2020-07-11,39,1,1,0,10,0,10,1
2020,43,Overwintering,2020_Overwintering,5,1,2020-06-02,2020-07-11,39,1,1,0,37,0,37,1
2020,43,Overwintering,2020_Overwintering,5,2,2020-06-02,2020-07-11,39,1,1,0,89,0,89,1
2020,43,Overwintering,2020_Overwintering,6,1,2020-06-02,2020-07-11,39,1,1,0,190,0,190,1
2020,43,Overwintering,2020_Overwintering,6,2,2020-06-02,2020-07-11,39,1,1,0,53,0,53,1
2020,44,Summer,2020_Summer,1,1,2020-07-10,2020-07-20,10,1,1,0,8,0,8,1
2020,44,Summer,2020_Summer,1,2,2020-07-10,2020-07-20,10,1,1,0,2,0,2,2
2020,44,Summer,2020_Summer,2,1,2020-07-10,2020-07-20,10,1,1,NA,NA,NA,NA,3
2020,44,Summer,2020_Summer,2,2,2020-07-10,2020-07-20,10,1,1,NA,NA,NA,NA,1
2020,44,Summer,2020_Summer,3,1,2020-07-10,2020-07-20,10,1,1,0,2,0,2,2
2020,44,Summer,2020_Summer,3,2,2020-07-10,2020-07-20,10,1,1,NA,NA,NA,NA,3
2020,44,Summer,2020_Summer,4,1,2020-07-10,2020-07-20,10,1,1,0,97,0,97,1
2020,44,Summer,2020_Summer,4,2,2020-07-10,2020-07-20,10,1,1,0,70,0,70,2
2020,44,Summer,2020_Summer,5,1,2020-07-10,2020-07-20,10,1,1,0,22,0,22,3
2020,44,Summer,2020_Summer,5,2,2020-07-10,2020-07-20,10,1,1,0,5,0,5,1
2020,44,Summer,2020_Summer,6,1,2020-07-10,2020-07-20,10,1,1,0,14,0,14,2
2020,44,Summer,2020_Summer,6,2,2020-07-10,2020-07-20,10,1,1,NA,NA,NA,NA,3
2020,44,Summer,2020_Summer,1,1,2020-07-20,2020-07-28,8,NA,NA,NA,NA,NA,NA,1
2020,44,Summer,2020_Summer,1,2,2020-07-20,2020-07-28,8,0.5,0.5,0,154,0,308,2
2020,44,Summer,2020_Summer,2,1,2020-07-20,2020-07-28,8,0.25,0.25,0,134,0,536,3
2020,44,Summer,2020_Summer,2,2,2020-07-20,2020-07-28,8,0.25,0.25,0,134,0,536,1
2020,44,Summer,2020_Summer,3,1,2020-07-20,2020-07-28,8,0.25,0.25,0,128,0,512,2
2020,44,Summer,2020_Summer,3,2,2020-07-20,2020-07-28,8,NA,NA,NA,NA,NA,NA,3
2020,44,Summer,2020_Summer,4,1,2020-07-20,2020-07-28,8,0.25,0.25,0,253,0,1012,1
2020,44,Summer,2020_Summer,4,2,2020-07-20,2020-07-28,8,0.5,0.5,0,231,0,462,2
2020,44,Summer,2020_Summer,5,1,2020-07-20,2020-07-28,8,1,1,1,13,1,13,3
2020,44,Summer,2020_Summer,5,2,2020-07-20,2020-07-28,8,1,1,0,126,0,126,1
2020,44,Summer,2020_Summer,6,1,2020-07-20,2020-07-28,8,1,1,0,308,0,308,2
2020,44,Summer,2020_Summer,6,2,2020-07-20,2020-07-28,8,NA,NA,NA,NA,NA,NA,3
2020,44,Summer,2020_Summer,1,1,2020-07-28,2020-08-12,15,1,1,0,2,0,2,1
2020,44,Summer,2020_Summer,1,2,2020-07-28,2020-08-12,15,1,1,0,3,0,3,2
2020,44,Summer,2020_Summer,2,1,2020-07-28,2020-08-12,15,0.25,0.25,0,87,0,348,3
2020,44,Summer,2020_Summer,2,2,2020-07-28,2020-08-12,15,1,1,0,35,0,35,1
2020,44,Summer,2020_Summer,3,1,2020-07-28,2020-08-12,15,1,1,0,0,0,0,2
2020,44,Summer,2020_Summer,3,2,2020-07-28,2020-08-12,15,1,1,0,53,0,53,3
2020,44,Summer,2020_Summer,4,1,2020-07-28,2020-08-12,15,1,1,0,117,0,117,1
2020,44,Summer,2020_Summer,4,2,2020-07-28,2020-08-12,15,NA,NA,NA,NA,NA,NA,2
2020,44,Summer,2020_Summer,5,1,2020-07-28,2020-08-12,15,1,1,0,25,0,25,3
2020,44,Summer,2020_Summer,5,2,2020-07-28,2020-08-12,15,NA,NA,NA,NA,NA,NA,1
2020,44,Summer,2020_Summer,6,1,2020-07-28,2020-08-12,15,NA,NA,NA,NA,NA,NA,2
2020,44,Summer,2020_Summer,6,2,2020-07-28,2020-08-12,15,1,1,0,124,0,124,3
2008,19,Overwintering,2008_Overwintering,4,1,2008-06-10,2008-06-14,4,NA,NA,NA,NA,NA,NA,5
2008,19,Overwintering,2008_Overwintering,4,2,2008-06-10,2008-06-14,4,NA,NA,NA,NA,NA,NA,1
2008,19,Overwintering,2008_Overwintering,5,1,2008-06-10,2008-06-14,4,NA,NA,NA,NA,NA,NA,2
2008,19,Overwintering,2008_Overwintering,5,2,2008-06-10,2008-06-14,4,NA,NA,NA,NA,NA,NA,3
2008,19,Overwintering,2008_Overwintering,6,1,2008-06-10,2008-06-14,4,NA,NA,NA,NA,NA,NA,4
2008,19,Overwintering,2008_Overwintering,6,2,2008-06-10,2008-06-14,4,NA,NA,NA,NA,NA,NA,5
2014,31,Overwintering,2014_Overwintering,3,2,2014-06-03,2014-06-08,5,NA,NA,NA,NA,NA,NA,2
2014,31,Overwintering,2014_Overwintering,3,1,2014-06-26,2014-07-07,11,NA,NA,NA,NA,NA,NA,3
2014,31,Overwintering,2014_Overwintering,3,2,2014-06-26,2014-07-07,11,NA,NA,NA,NA,NA,NA,4
