lakeid,sta,sampledate,sampletime,sampledepth,light,wtemp,o2sat,do,ph,secchi_up,secchi_dn,barom_pres,GPScoord_E,GPScoord_N,comments,
myv,33,2013-06-08,14:15,0.00,480.0,14.9,116.90,11.86,9.28,1.70,1.75,735.40,NA,NA,,
myv,33,2013-06-08,14:15,0.50,350.0,14.7,117.00,11.88,9.29,1.70,1.75,735.40,NA,NA,,
myv,33,2013-06-08,14:15,1.00,245.0,14.5,117.40,11.94,9.29,1.70,1.75,735.40,NA,NA,,
myv,33,2013-06-08,14:15,1.50,200.0,14.2,119.70,12.31,9.32,1.70,1.75,735.40,NA,NA,,
myv,33,2013-06-08,14:15,2.00,152.0,14.1,119.70,12.32,9.37,1.70,1.75,735.40,NA,NA,,
myv,33,2013-06-08,14:15,2.50,121.0,14.1,119.80,12.31,9.36,1.70,1.75,735.40,NA,NA,,
myv,33,2013-06-08,14:15,3.00,100.0,14.1,119.60,12.30,9.38,1.70,1.75,735.40,NA,NA,,
myv,33,2013-06-15,10:30,0.00,1200.0,13.3,106.80,11.20,,2.16,2.20,,NA,NA,no barom pressure & pH dead meter,
myv,33,2013-06-15,10:30,0.50,750.0,13.3,107.70,11.28,,2.16,2.20,,NA,NA,no barom pressure & pH dead meter,
myv,33,2013-06-15,10:30,1.00,875.0,13.2,108.00,11.32,,2.16,2.20,,NA,NA,no barom pressure & pH dead meter,
myv,33,2013-06-15,10:30,1.50,600.0,13.2,108.00,11.33,,2.16,2.20,,NA,NA,no barom pressure & pH dead meter,
myv,33,2013-06-15,10:30,2.00,550.0,13.2,108.30,11.36,,2.16,2.20,,NA,NA,no barom pressure & pH dead meter,
myv,33,2013-06-15,10:30,2.50,465.0,13.1,108.70,11.43,,2.16,2.20,,NA,NA,no barom pressure & pH dead meter,
myv,33,2013-06-15,10:30,3.00,380.0,13.2,109.50,11.50,,2.16,2.20,,NA,NA,no barom pressure & pH dead meter,
myv,33,2013-06-22,11:10,0.00,555.0,12.7,107.30,11.38,,2.80,3.00,731.90,NA,NA,dead pH meter,
myv,33,2013-06-22,11:10,0.50,490.0,12.6,106.80,11.33,,2.80,3.00,731.90,NA,NA,dead pH meter,
myv,33,2013-06-22,11:10,1.00,389.0,12.6,106.70,11.35,,2.80,3.00,731.90,NA,NA,dead pH meter,
myv,33,2013-06-22,11:10,1.50,275.0,12.6,107.40,11.42,,2.80,3.00,731.90,NA,NA,dead pH meter,
myv,33,2013-06-22,11:10,2.00,260.0,12.6,10.60,11.45,,2.80,3.00,731.90,NA,NA,dead pH meter,
myv,33,2013-06-22,11:10,2.50,215.0,12.6,108.10,11.49,,2.80,3.00,731.90,NA,NA,dead pH meter,
myv,33,2013-06-22,11:10,3.00,188.0,12.6,108.40,11.52,,2.80,3.00,731.90,NA,NA,dead pH meter,
myv,33,2013-06-29,10:27,0.00,380.0,12.2,107.50,11.52,,2.30,2.40,726.50,NA,NA,,
myv,33,2013-06-29,10:27,0.50,330.0,12.3,107.80,11.54,,2.30,2.40,726.50,NA,NA,,
myv,33,2013-06-29,10:27,1.00,500.0,12.3,107.80,11.54,,2.30,2.40,726.50,NA,NA,,
myv,33,2013-06-29,10:27,1.50,310.0,12.3,107.80,11.53,,2.30,2.40,726.50,NA,NA,,
myv,33,2013-06-29,10:27,2.00,165.0,12.3,107.60,11.52,,2.30,2.40,726.50,NA,NA,,
myv,33,2013-06-29,10:27,2.50,220.0,12.3,107.60,11.52,,2.30,2.40,726.50,NA,NA,,
myv,33,2013-06-29,10:27,3.00,40.0,12.3,107.50,11.51,,2.30,2.40,726.50,NA,NA,,
myv,33,2013-07-08,11:56,0.00,190.0,10.7,99.20,11.02,,2.43,2.66,734.50,NA,NA,,
myv,33,2013-07-08,11:56,0.50,80.0,10.6,99.30,11.05,,2.43,2.66,734.50,NA,NA,,
myv,33,2013-07-08,11:56,1.00,77.0,10.6,99.30,11.05,,2.43,2.66,734.50,NA,NA,,
myv,33,2013-07-08,11:56,1.50,37.0,10.6,99.20,11.04,,2.43,2.66,734.50,NA,NA,,
myv,33,2013-07-08,11:56,2.00,75.0,10.6,99.20,11.04,,2.43,2.66,734.50,NA,NA,,
myv,33,2013-07-08,11:56,2.50,70.0,10.6,99.10,11.03,,2.43,2.66,734.50,NA,NA,,
myv,33,2013-07-08,11:56,3.00,63.0,10.6,99.10,11.03,,2.43,2.66,734.50,NA,NA,,
myv,33,2013-07-14,10:33,0.00,315.0,12.9,97.00,10.27,,3.29,3.31,739.8,NA,NA,,
myv,33,2013-07-14,10:33,0.50,270.0,12.7,97.20,10.31,,3.29,3.31,739.8,NA,NA,,
myv,33,2013-07-14,10:33,1.00,190.0,12.7,97.20,10.32,,3.29,3.31,739.8,NA,NA,,
myv,33,2013-07-14,10:33,1.50,167.0,12.6,97.20,10.33,,3.29,3.31,739.8,NA,NA,,
myv,33,2013-07-14,10:33,2.00,130.0,12.6,97.50,10.37,,3.29,3.31,739.8,NA,NA,,
myv,33,2013-07-14,10:33,2.50,120.0,12.6,97.70,10.39,,3.29,3.31,739.8,NA,NA,,
myv,33,2013-07-14,10:33,3.00,98.0,12.6,97.60,10.38,,3.29,3.31,739.8,NA,NA,,
myv,33,2013-07-20,10:33,0.00,550.0,13.9,95.70,9.91,,2.40,2.51,739.8,NA,NA,,
myv,33,2013-07-20,10:33,0.50,440.0,13.7,95.80,9.94,,2.40,2.51,739.8,NA,NA,,
myv,33,2013-07-20,10:33,1.00,350.0,13.6,95.70,9.96,,2.40,2.51,739.8,NA,NA,,
myv,33,2013-07-20,10:33,1.50,250.0,13.5,95.90,9.99,,2.40,2.51,739.8,NA,NA,,
myv,33,2013-07-20,10:33,2.00,170.0,13.5,95.90,9.99,,2.40,2.51,739.8,NA,NA,,
myv,33,2013-07-20,10:33,2.50,140.0,13.5,96.10,10.02,,2.40,2.51,739.8,NA,NA,,
myv,33,2013-07-20,10:33,3.00,120.0,13.4,96.10,10.04,,2.40,2.51,739.8,NA,NA,,
myv,33,2013-07-27,10:25,0.00,960.0,17.9,106.90,10.15,,1.60,1.70,729.50,NA,NA,,
myv,33,2013-07-27,10:25,0.50,680.0,17.7,107.30,10.22,,1.60,1.70,729.50,NA,NA,,
myv,33,2013-07-27,10:25,1.00,520.0,17.5,104.00,9.95,,1.60,1.70,729.50,NA,NA,,
myv,33,2013-07-27,10:25,1.50,370.0,17.4,104.60,10.02,,1.60,1.70,729.50,NA,NA,,
myv,33,2013-07-27,10:25,2.00,265.0,17.3,104.90,10.11,,1.60,1.70,729.50,NA,NA,,
myv,33,2013-07-27,10:25,2.50,200.0,17.2,103.40,9.94,,1.60,1.70,729.50,NA,NA,,
myv,33,2013-07-27,10:25,3.00,156.0,17.2,103.20,9.94,,1.60,1.70,729.50,NA,NA,,
myv,33,2013-08-06,07:01,0.00,110.0,8.2,94.30,11.09,,1.50,1.60,736.60,NA,NA,,
myv,33,2013-08-06,07:01,0.50,72.0,8.3,93.80,11.04,,1.50,1.60,736.60,NA,NA,,
myv,33,2013-08-06,07:01,1.00,68.0,8.4,93.60,10.98,,1.50,1.60,736.60,NA,NA,,
myv,33,2013-08-06,07:01,1.50,52.0,8.4,93.40,10.96,,1.50,1.60,736.60,NA,NA,,
myv,33,2013-08-06,07:01,2.00,43.0,8.4,93.20,10.94,,1.50,1.60,736.60,NA,NA,,
myv,33,2013-08-06,07:01,2.50,34.0,8.4,93.10,10.91,,1.50,1.60,736.60,NA,NA,,
myv,33,2013-08-06,07:01,3.00,21.0,8.4,92.80,10.89,,1.50,1.60,736.60,NA,NA,,
myv,33,2013-08-11,09:46,0.00,52.0,10.7,97.30,10.81,,1.40,1.50,731.20,NA,NA,,
myv,33,2013-08-11,09:46,0.50,45.0,10.8,97.20,10.77,,1.40,1.50,731.20,NA,NA,,
myv,33,2013-08-11,09:46,1.00,32.0,10.8,97.10,10.76,,1.40,1.50,731.20,NA,NA,,
myv,33,2013-08-11,09:46,1.50,26.0,10.8,97.00,10.75,,1.40,1.50,731.20,NA,NA,,
myv,33,2013-08-11,09:46,2.00,22.0,10.8,96.90,10.74,,1.40,1.50,731.20,NA,NA,,
myv,33,2013-08-11,09:46,2.50,18.0,10.8,96.90,10.73,,1.40,1.50,731.20,NA,NA,,
myv,33,2013-08-11,09:46,3.00,15.0,10.8,96.40,10.68,,1.40,1.50,731.20,NA,NA,,
myv,33,2013-08-17,10:56,0.00,230.0,11.1,93.80,10.26,,1.93,1.96,NA,NA,NA,,
myv,33,2013-08-17,10:56,0.50,150.0,11.3,92.90,10.17,,1.93,1.96,NA,NA,NA,,
myv,33,2013-08-17,10:56,1.00,140.0,11.3,92.50,10.13,,1.93,1.96,NA,NA,NA,,
myv,33,2013-08-17,10:56,1.50,118.0,11.3,92.30,10.11,,1.93,1.96,NA,NA,NA,,
myv,33,2013-08-17,10:56,2.00,100.0,11.3,92.10,10.09,,1.93,1.96,NA,NA,NA,,
myv,33,2013-08-17,10:56,2.50,90.0,11.3,92.00,10.08,,1.93,1.96,NA,NA,NA,,
myv,33,2013-08-17,10:56,3.00,75.0,11.3,91.90,10.07,,1.93,1.96,NA,NA,NA,,
myv,33,2014-06-02,13:30,0.00,410.0,13.1,108.80,11.44,8.89,1.60,2.30,730.10,NA,NA,,
myv,33,2014-06-02,13:30,0.50,200.0,13.0,108.80,11.47,8.91,1.60,2.30,730.10,NA,NA,,
myv,33,2014-06-02,13:30,1.00,196.0,13.0,108.90,11.47,8.91,1.60,2.30,730.10,NA,NA,,
myv,33,2014-06-02,13:30,1.50,190.0,13.0,108.90,11.48,8.92,1.60,2.30,730.10,NA,NA,,
myv,33,2014-06-02,13:30,2.00,160.0,13.0,108.90,11.48,8.92,1.60,2.30,730.10,NA,NA,,
myv,33,2014-06-02,13:30,2.50,129.0,12.9,108.90,11.50,8.93,1.60,2.30,730.10,NA,NA,,
myv,33,2014-06-02,13:30,3.00,118.0,13.0,109.40,11.52,8.95,1.60,2.30,730.10,NA,NA,,
myv,33,2014-06-09,10:50,0.00,600.0,15.3,118.50,11.88,9.29,3.15,3.20,733.60,NA,NA,pH taken on Jun10,
myv,33,2014-06-09,10:50,0.50,500.0,15.3,118.50,11.87,9.32,3.15,3.20,733.60,NA,NA,pH taken on Jun10,
myv,33,2014-06-09,10:50,1.00,430.0,15.2,118.20,11.90,9.36,3.15,3.20,733.60,NA,NA,pH taken on Jun10,
myv,33,2014-06-09,10:50,1.50,350.0,15.0,120.50,12.16,9.40,3.15,3.20,733.60,NA,NA,pH taken on Jun10,
myv,33,2014-06-09,10:50,2.00,300.0,14.9,121.00,12.23,9.43,3.15,3.20,733.60,NA,NA,pH taken on Jun10,
myv,33,2014-06-09,10:50,2.50,240.0,14.9,123.00,12.42,9.44,3.15,3.20,733.60,NA,NA,pH taken on Jun10,
myv,33,2014-06-09,10:50,3.00,250.0,14.9,122.80,12.42,9.46,3.15,3.20,733.60,NA,NA,pH taken on Jun10,
myv,33,2014-06-18,12:30,0.00,287.0,16.1,106.90,10.53,9.23,3.30,3.30,741.70,NA,NA,,
myv,33,2014-06-18,12:30,0.50,159.0,16.1,107.70,10.60,9.34,3.30,3.30,741.70,NA,NA,,
myv,33,2014-06-18,12:30,1.00,155.0,16.1,104.80,10.30,9.40,3.30,3.30,741.70,NA,NA,,
myv,33,2014-06-18,12:30,1.50,127.0,16.1,103.50,10.19,9.42,3.30,3.30,741.70,NA,NA,,
myv,33,2014-06-18,12:30,2.00,114.0,16.1,103.40,10.19,9.43,3.30,3.30,741.70,NA,NA,,
myv,33,2014-06-18,12:30,2.50,111.0,16.1,103.50,10.19,9.44,3.30,3.30,741.70,NA,NA,,
myv,33,2014-06-18,12:30,3.00,83.0,16.1,103.80,10.22,9.43,3.30,3.30,741.70,NA,NA,,
myv,33,2014-06-27,11:20,0.00,930.0,16.8,109.00,10.70,9.54,3.22,3.22,738.20,NA,NA,,
myv,33,2014-06-27,11:20,0.50,740.0,16.2,105.20,10.33,9.53,3.22,3.22,738.20,NA,NA,,
myv,33,2014-06-27,11:20,1.00,590.0,16.0,105.00,10.40,9.51,3.22,3.22,738.20,NA,NA,,
myv,33,2014-06-27,11:20,1.50,550.0,15.8,105.80,10.49,9.52,3.22,3.22,738.20,NA,NA,,
myv,33,2014-06-27,11:20,2.00,415.0,15.7,106.40,10.57,9.55,3.22,3.22,738.20,NA,NA,,
myv,33,2014-06-27,11:20,2.50,350.0,15.7,106.50,10.58,9.55,3.22,3.22,738.20,NA,NA,,
myv,33,2014-06-27,11:20,3.00,315.0,15.7,106.40,10.57,9.54,3.22,3.22,738.20,NA,NA,,
myv,33,2014-07-06,10:05,0.00,75.2,9.9,93.00,10.50,10.01,1.05,1.05,726.20,NA,NA,,
myv,33,2014-07-06,10:05,0.50,50.0,9.9,89.00,10.17,9.81,1.05,1.05,726.20,NA,NA,,
myv,33,2014-07-06,10:05,1.00,32.9,9.8,88.80,10.07,9.76,1.05,1.05,726.20,NA,NA,,
myv,33,2014-07-06,10:05,1.50,20.4,9.8,88.60,10.04,9.63,1.05,1.05,726.20,NA,NA,,
myv,33,2014-07-06,10:05,2.00,15.3,9.8,88.40,10.01,9.60,1.05,1.05,726.20,NA,NA,,
myv,33,2014-07-06,10:05,2.50,9.8,9.8,88.30,10.01,9.55,1.05,1.05,726.20,NA,NA,,
myv,33,2014-07-06,10:05,3.00,5.8,9.8,88.20,10.01,9.50,1.05,1.05,726.20,NA,NA,,
myv,33,2014-07-17,11:01,0.00,1420.0,14.6,103.10,10.50,9.54,2.30,2.35,733.80,NA,NA,,
myv,33,2014-07-17,11:01,0.50,1000.0,14.4,103.30,10.55,9.51,2.30,2.35,733.80,NA,NA,,
myv,33,2014-07-17,11:01,1.00,690.0,14.4,103.00,10.52,9.47,2.30,2.35,733.80,NA,NA,,
myv,33,2014-07-17,11:01,1.50,515.0,14.4,103.10,10.50,9.46,2.30,2.35,733.80,NA,NA,,
myv,33,2014-07-17,11:01,2.00,405.0,14.4,103.30,10.58,9.44,2.30,2.35,733.80,NA,NA,,
myv,33,2014-07-17,11:01,2.50,282.0,14.3,103.60,10.61,9.43,2.30,2.35,733.80,NA,NA,,
myv,33,2014-07-17,11:01,3.00,219.0,14.3,103.90,10.64,9.42,2.30,2.35,733.80,NA,NA,,
myv,33,2014-08-01,10:00,0.00,352.2,12.4,103.50,11.03,9.80,0.79,0.82,736.50,NA,NA,,
myv,33,2014-08-01,10:00,0.50,141.9,12.7,104.20,11.05,9.78,0.79,0.82,736.50,NA,NA,,
myv,33,2014-08-01,10:00,1.00,63.4,12.6,104.00,11.07,9.76,0.79,0.82,736.50,NA,NA,,
myv,33,2014-08-01,10:00,1.50,23.1,12.5,101.10,10.80,9.72,0.79,0.82,736.50,NA,NA,,
myv,33,2014-08-01,10:00,2.00,10.1,12.4,100.50,10.77,9.71,0.79,0.82,736.50,NA,NA,,
myv,33,2014-08-01,10:00,2.50,4.6,12.3,98.60,10.57,9.69,0.79,0.82,736.50,NA,NA,,
myv,33,2014-08-01,10:00,3.00,2.4,12.3,95.50,10.23,9.67,0.79,0.82,736.50,NA,NA,,
myv,33,2014-08-09,14:50,0.00,425.0,13.5,128.10,13.40,9.84,0.32,0.35,730.70,NA,NA,,
myv,33,2014-08-09,14:50,0.50,45.0,13.0,125.90,13.29,9.83,0.32,0.35,730.70,NA,NA,,
myv,33,2014-08-09,14:50,1.00,16.0,12.0,98.30,10.62,9.80,0.32,0.35,730.70,NA,NA,,
myv,33,2014-08-09,14:50,1.50,12.0,11.8,93.00,10.08,9.76,0.32,0.35,730.70,NA,NA,,
myv,33,2014-08-09,14:50,2.00,8.0,11.7,87.40,9.51,9.74,0.32,0.35,730.70,NA,NA,,
myv,33,2014-08-09,14:50,2.50,5.0,11.4,86.70,9.58,9.73,0.32,0.35,730.70,NA,NA,,
myv,33,2014-08-09,14:50,3.00,4.0,10.4,86.00,9.50,9.68,0.32,0.35,730.70,NA,NA,,
myv,33,2014-08-19,7:30,0.00,114.0,8.8,103.20,11.96,10.12,0.41,0.48,738.30,NA,NA,,
myv,33,2014-08-19,7:30,0.50,13.0,9.1,103.00,11.92,9.95,0.41,0.48,738.30,NA,NA,,
myv,33,2014-08-19,7:30,1.00,2.7,9.2,101.90,11.71,9.87,0.41,0.48,738.30,NA,NA,,
myv,33,2014-08-19,7:30,1.50,0.5,9.3,101.90,11.70,9.83,0.41,0.48,738.30,NA,NA,,
myv,33,2014-08-19,7:30,2.00,0.1,9.3,101.80,11.69,9.79,0.41,0.48,738.30,NA,NA,,
myv,33,2014-08-19,7:30,2.50,0.0,9.3,101.70,11.66,9.75,0.41,0.48,738.30,NA,NA,,
myv,33,2014-08-19,7:30,3.00,0.0,9.3,100.70,11.56,9.73,0.41,0.48,738.30,NA,NA,,
myv,33,2015-05-17,14:30,0.00,1200.0,3.9,97.00,12.75,8.78,0.85,1.10,,407813,7276136,"St 33 not established, used 0407813, 7276136",
myv,33,2015-05-17,14:30,0.50,700.0,3.9,97.10,12.79,8.79,0.85,1.10,,407813,7276136,Arni had a secchi of 1.2,
myv,33,2015-05-17,14:30,1.00,530.0,3.8,97.10,12.79,8.76,0.85,1.10,,407813,7276136,,
myv,33,2015-05-17,14:30,1.50,370.0,3.8,97.10,12.79,8.73,0.85,1.10,,407813,7276136,,
myv,33,2015-05-17,14:30,2.00,240.0,3.8,97.00,12.82,8.70,0.85,1.10,,407813,7276136,,
myv,33,2015-05-17,14:30,2.50,200.0,3.8,97.10,12.79,8.69,0.85,1.10,,407813,7276136,,
myv,33,2015-05-17,14:30,3.00,170.0,3.7,97.10,12.83,8.58,0.85,1.10,,407813,7276136,,
myv,33,2015-05-29,11:00,0.00,430.0,7.1,96.60,11.58,9.55,1.333333333,1.816666667,731.00,NA,NA,"secchi depth averaged between Joe, Tony, and Caroline's measurements",
myv,33,2015-05-29,11:00,0.50,320.0,7.3,95.50,11.50,9.33,1.333333333,1.816666667,731.00,NA,NA,,
myv,33,2015-05-29,11:00,1.00,242.0,7.3,95.20,11.47,9.21,1.333333333,1.816666667,731.00,NA,NA,,
myv,33,2015-05-29,11:00,1.50,181.0,7.3,95.00,11.44,9.15,1.333333333,1.816666667,731.00,NA,NA,,
myv,33,2015-05-29,11:00,2.00,139.0,7.3,94.90,11.43,9.09,1.333333333,1.816666667,731.00,NA,NA,,
myv,33,2015-05-29,11:00,2.50,108.0,7.3,94.80,11.42,9.00,1.333333333,1.816666667,731.00,NA,NA,,
myv,33,2015-05-29,11:00,3.00,92.0,7.3,94.80,11.42,8.97,1.333333333,1.816666667,731.00,NA,NA,,
myv,33,2015-06-04,12:45,0.00,610.0,6.3,101.10,12.53,9.53,210.00,220.00,738.10,NA,NA,,
myv,33,2015-06-04,12:45,0.50,285.0,6.2,101.20,12.53,9.35,210.00,220.00,738.10,NA,NA,,
myv,33,2015-06-04,12:45,1.00,270.0,6.1,101.10,12.54,9.31,210.00,220.00,738.10,NA,NA,,
myv,33,2015-06-04,12:45,1.50,242.0,6.0,101.00,12.63,9.30,210.00,220.00,738.10,NA,NA,,
myv,33,2015-06-04,12:45,2.00,226.0,5.8,101.70,12.74,9.28,210.00,220.00,738.10,NA,NA,,
myv,33,2015-06-04,12:45,2.50,216.0,5.8,101.90,12.76,9.24,210.00,220.00,738.10,NA,NA,,
myv,33,2015-06-04,12:45,3.00,191.0,5.8,102.10,12.79,9.23,210.00,220.00,738.10,NA,NA,,
myv,33,2015-06-11,11:25,0.00,635.0,7.9,97.10,11.47,9.16,55.00,70.00,734.90,NA,NA,,
myv,33,2015-06-11,11:25,0.50,360.0,8.0,96.10,11.38,9.13,55.00,70.00,734.90,NA,NA,,
myv,33,2015-06-11,11:25,1.00,210.0,8.0,96.00,11.38,9.11,55.00,70.00,734.90,NA,NA,,
myv,33,2015-06-11,11:25,1.50,119.0,8.0,96.10,11.38,9.10,55.00,70.00,734.90,NA,NA,,
myv,33,2015-06-11,11:25,2.00,68.0,8.0,96.10,11.38,9.08,55.00,70.00,734.90,NA,NA,,
myv,33,2015-06-11,11:25,2.50,41.0,8.0,96.10,11.37,9.06,55.00,70.00,734.90,NA,NA,,
myv,33,2015-06-11,11:25,3.00,27.0,8.0,95.90,11.36,9.06,55.00,70.00,734.90,NA,NA,,
myv,33,2015-06-18,12:35,0.00,403.0,10.7,108.60,12.00,9.33,140.00,160.00,731.40,NA,NA,,
myv,33,2015-06-18,12:35,0.50,226.0,10.7,109.00,12.11,9.30,140.00,160.00,731.40,NA,NA,,
myv,33,2015-06-18,12:35,1.00,181.0,10.6,109.00,12.14,9.29,140.00,160.00,731.40,NA,NA,,
myv,33,2015-06-18,12:35,1.50,154.0,10.6,109.10,12.14,9.27,140.00,160.00,731.40,NA,NA,,
myv,33,2015-06-18,12:35,2.00,137.0,10.6,109.20,12.15,9.27,140.00,160.00,731.40,NA,NA,,
myv,33,2015-06-18,12:35,2.50,126.0,10.5,109.80,12.24,9.26,140.00,160.00,731.40,NA,NA,,
myv,33,2015-06-18,12:35,3.00,98.0,10.5,110.70,12.35,9.25,140.00,160.00,731.40,NA,NA,,
myv,33,2015-06-25,11:15,0.00,1476.2,15.5,118.00,11.80,9.46,44.00,96.00,738.30,NA,NA,,
myv,33,2015-06-25,11:15,0.50,1000.6,14.4,118.30,12.08,9.48,44.00,96.00,738.30,NA,NA,,
myv,33,2015-06-25,11:15,1.00,717.6,14.2,118.40,12.14,9.49,44.00,96.00,738.30,NA,NA,,
myv,33,2015-06-25,11:15,1.50,521.3,14.0,118.50,12.20,9.50,44.00,96.00,738.30,NA,NA,,
myv,33,2015-06-25,11:15,2.00,365.1,13.8,120.00,12.42,9.53,44.00,96.00,738.30,NA,NA,,
myv,33,2015-06-25,11:15,2.50,233.6,13.7,120.50,12.50,9.52,44.00,96.00,738.30,NA,NA,,
myv,33,2015-06-25,11:15,3.00,178.8,13.6,121.50,12.63,9.53,44.00,96.00,738.30,NA,NA,,
myv,33,2015-07-02,10:19,0.00,123.1,10.4,102.70,11.45,9.87,100.00,132.00,NA,NA,NA,barometric pressure not recorded,
myv,33,2015-07-02,10:19,0.50,77.4,10.5,102.50,11.43,9.75,100.00,132.00,NA,NA,NA,barometric pressure not recorded,
myv,33,2015-07-02,10:19,1.00,51.3,10.5,102.40,11.42,9.70,100.00,132.00,NA,NA,NA,barometric pressure not recorded,
myv,33,2015-07-02,10:19,1.50,31.0,10.5,102.30,11.41,9.65,100.00,132.00,NA,NA,NA,barometric pressure not recorded,
myv,33,2015-07-02,10:19,2.00,21.0,10.5,102.00,11.38,9.64,100.00,132.00,NA,NA,NA,barometric pressure not recorded,
myv,33,2015-07-02,10:19,2.50,12.7,10.5,101.70,11.35,9.63,100.00,132.00,NA,NA,NA,barometric pressure not recorded,
myv,33,2015-07-02,10:19,3.00,9.2,10.4,100.80,11.19,9.64,100.00,132.00,NA,NA,NA,barometric pressure not recorded,
myv,33,2015-07-11,10:55,0.00,250.0,9.5,105.3,12.00,10.58,50.00,85.00,730.50,NA,NA,anabaena bloom,
myv,33,2015-07-11,10:55,0.50,110.0,9.8,106.1,12.04,10.25,50.00,85.00,730.50,NA,NA,,
myv,33,2015-07-11,10:55,1.00,42.0,9.8,106.2,12.05,10.10,50.00,85.00,730.50,NA,NA,,
myv,33,2015-07-11,10:55,1.50,18.0,9.8,106.4,12.07,10.04,50.00,85.00,730.50,NA,NA,,
myv,33,2015-07-11,10:55,2.00,9.0,9.8,106.4,12.06,10.01,50.00,85.00,730.50,NA,NA,,
myv,33,2015-07-11,10:55,2.50,5.0,9.8,106.3,12.07,9.97,50.00,85.00,730.50,NA,NA,,
myv,33,2015-07-11,10:55,3.00,2.7,9.8,106.4,12.07,9.96,50.00,85.00,730.50,NA,NA,,
myv,33,2015-07-20,7:50,0.00,89.1,8.3,97.00,11.43,9.85,29.00,43.00,730.00,NA,NA,,
myv,33,2015-07-20,7:50,0.50,19.0,8.2,96.50,11.37,9.77,29.00,43.00,730.00,NA,NA,,
myv,33,2015-07-20,7:50,1.00,4.6,8.2,94.30,11.12,9.74,29.00,43.00,730.00,NA,NA,,
myv,33,2015-07-20,7:50,1.50,1.1,8.1,93.80,11.08,9.75,29.00,43.00,730.00,NA,NA,,
myv,33,2015-07-20,7:50,2.00,0.3,8.1,93.40,11.03,9.73,29.00,43.00,730.00,NA,NA,,
myv,33,2015-07-20,7:50,2.50,0.1,8.1,92.00,10.87,9.72,29.00,43.00,730.00,NA,NA,,
myv,33,2015-07-20,7:50,3.00,0.0,8.1,91.60,10.82,9.72,29.00,43.00,730.00,NA,NA,,
myv,33,2015-07-29,12:10,0.00,1140.0,11.7,129.50,14.11,NA,33.00,53.00,735.80,NA,NA,pH meter not working,
myv,33,2015-07-29,12:10,0.50,180.8,11.5,127.90,13.99,NA,33.00,53.00,735.80,NA,NA,,
myv,33,2015-07-29,12:10,1.00,76.2,11.3,125.00,13.63,NA,33.00,53.00,735.80,NA,NA,,
myv,33,2015-07-29,12:10,1.50,42.4,10.5,118.00,13.19,NA,33.00,53.00,735.80,NA,NA,,
myv,33,2015-07-29,12:10,2.00,26.7,10.2,112.30,12.60,NA,33.00,53.00,735.80,NA,NA,,
myv,33,2015-07-29,12:10,2.50,16.0,10.1,111.80,12.58,NA,33.00,53.00,735.80,NA,NA,,
myv,33,2015-07-29,12:10,3.00,11.1,10.1,111.40,12.55,NA,33.00,53.00,735.80,NA,NA,,
myv,33,2015-08-07,11:33,0.00,216.4,10.6,97.80,11.05,9.83,102.00,107.00,726.80,NA,NA,,
myv,33,2015-08-07,11:33,0.50,77.8,10.1,99.20,11.17,9.77,102.00,107.00,726.80,NA,NA,,
myv,33,2015-08-07,11:33,1.00,22.5,10.1,99.00,11.15,9.72,102.00,107.00,726.80,NA,NA,,
myv,33,2015-08-07,11:33,1.50,8.9,10.1,98.90,11.14,9.72,102.00,107.00,726.80,NA,NA,,
myv,33,2015-08-07,11:33,2.00,3.1,10.1,99.30,11.19,9.70,102.00,107.00,726.80,NA,NA,,
myv,33,2015-08-07,11:33,2.50,1.1,10.1,99.10,11.16,9.67,102.00,107.00,726.80,NA,NA,,
myv,33,2015-08-07,11:33,3.00,0.5,10.1,99.00,11.15,9.67,102.00,107.00,726.80,NA,NA,,
myv,5,2016-05-31,10:43,0.00,900.0,NA,NA,NA,NA,225.00,227.00,748.20,NA,NA,,
myv,5,2016-05-31,10:43,0.50,600.0,11.3,114.40,12.57,9.01,225.00,227.00,748.20,NA,NA,,
myv,5,2016-05-31,10:43,1.00,450.0,11.2,114.60,12.62,9.01,225.00,227.00,748.20,NA,NA,,
myv,5,2016-05-31,10:43,1.50,420.0,11.1,115.50,12.68,8.98,225.00,227.00,748.20,NA,NA,,
myv,5,2016-05-31,10:43,2.00,320.0,11.0,116.80,12.89,8.99,225.00,227.00,748.20,NA,NA,,
myv,5,2016-05-31,10:43,2.50,NA,10.9,118.50,13.60,9.01,225.00,227.00,748.20,NA,NA,,
myv,5,2016-05-31,10:43,3.00,NA,NA,NA,NA,NA,225.00,227.00,748.20,NA,NA,,
myv,6,2016-05-31,9:38,0.00,1000.0,NA,NA,NA,NA,INF,INF,748.20,NA,NA,"Hit the bottom at 270.50 cm, but secchi was still visible. (INF=infinity)",
myv,6,2016-05-31,9:38,0.50,700.0,11.0,107.90,11.91,8.90,INF,INF,748.20,NA,NA,"Hit the bottom at 270.50 cm, but secchi was still visible. (INF=infinity)",
myv,6,2016-05-31,9:38,1.00,650.0,10.9,107.70,11.91,8.89,INF,INF,748.20,NA,NA,"Hit the bottom at 270.50 cm, but secchi was still visible. (INF=infinity)",
myv,6,2016-05-31,9:38,1.50,500.0,10.7,107.70,11.97,8.93,INF,INF,748.20,NA,NA,"Hit the bottom at 270.50 cm, but secchi was still visible. (INF=infinity)",
myv,6,2016-05-31,9:38,2.00,520.0,10.6,108.70,12.10,8.92,INF,INF,748.20,NA,NA,"Hit the bottom at 270.50 cm, but secchi was still visible. (INF=infinity)",
myv,6,2016-05-31,9:38,2.50,420.0,10.5,109.10,12.18,8.91,INF,INF,748.20,NA,NA,"Hit the bottom at 270.50 cm, but secchi was still visible. (INF=infinity)",
myv,6,2016-05-31,9:38,3.00,NA,NA,NA,NA,NA,INF,INF,748.20,NA,NA,"Hit the bottom at 270.50 cm, but secchi was still visible. (INF=infinity)",
myv,2,2016-05-30,11:04,0.00,NA,NA,NA,NA,NA,125.00,135.00,745.20,NA,NA,,
myv,2,2016-05-30,11:04,0.50,420.0,9.4,107.50,12.31,8.90,125.00,135.00,745.20,NA,NA,,
myv,2,2016-05-30,11:04,1.00,280.0,9.2,106.20,12.21,8.92,125.00,135.00,745.20,NA,NA,,
myv,2,2016-05-30,11:04,1.50,220.0,9.1,105.40,12.15,8.92,125.00,135.00,745.20,NA,NA,,
myv,2,2016-05-30,11:04,2.00,177.0,9.0,105.00,12.17,8.93,125.00,135.00,745.20,NA,NA,,
myv,2,2016-05-30,11:04,2.50,129.0,NA,NA,NA,NA,125.00,135.00,745.20,NA,NA,,
myv,2,2016-05-30,11:04,3.00,NA,NA,NA,NA,NA,125.00,135.00,745.20,NA,NA,,
myv,1,2016-05-29,14:28,0.00,1300.0,NA,NA,NA,NA,104.00,120.00,736.90,NA,NA,,
myv,1,2016-05-29,14:28,0.50,950.0,9.7,109.30,12.40,9.09,104.00,120.00,736.90,NA,NA,,
myv,1,2016-05-29,14:28,1.00,710.0,9.6,108.90,12.43,9.06,104.00,120.00,736.90,NA,NA,,
myv,1,2016-05-29,14:28,1.50,485.0,9.4,108.90,12.45,9.05,104.00,120.00,736.90,NA,NA,,
myv,1,2016-05-29,14:28,2.00,365.0,9.3,114.70,13.28,9.03,104.00,120.00,736.90,NA,NA,,
myv,1,2016-05-29,14:28,2.50,NA,NA,NA,NA,NA,104.00,120.00,736.90,NA,NA,,
myv,1,2016-05-29,14:28,3.00,NA,NA,NA,NA,NA,104.00,120.00,736.90,NA,NA,,
myv,33,2016-05-29,12:15,0.00,1160.0,9.1,104.40,12.09,9.27,110.00,120.00,736.90,NA,NA,,
myv,33,2016-05-29,12:15,0.50,890.0,8.5,104.00,12.20,9.01,110.00,120.00,736.90,NA,NA,,
myv,33,2016-05-29,12:15,1.00,620.0,8.2,103.80,12.26,8.92,110.00,120.00,736.90,NA,NA,,
myv,33,2016-05-29,12:15,1.50,400.0,8.0,103.50,12.26,8.85,110.00,120.00,736.90,NA,NA,,
myv,33,2016-05-29,12:15,2.00,220.0,8.0,106.10,12.57,8.74,110.00,120.00,736.90,NA,NA,,
myv,33,2016-05-29,12:15,2.50,180.0,8.0,106.00,12.56,8.68,110.00,120.00,736.90,NA,NA,,
myv,33,2016-05-29,12:15,3.00,114.0,NA,NA,NA,NA,110.00,120.00,736.90,NA,NA,,
myv,4,2016-05-30,11:40,0.00,611.0,NA,NA,NA,NA,115.00,130.00,745.20,NA,NA,,
myv,4,2016-05-30,11:40,0.50,449.0,10.5,109.20,12.18,8.96,115.00,130.00,745.20,NA,NA,,
myv,4,2016-05-30,11:40,1.00,300.0,10.4,108.80,12.20,8.96,115.00,130.00,745.20,NA,NA,,
myv,4,2016-05-30,11:40,1.50,208.0,10.0,108.00,12.26,8.97,115.00,130.00,745.20,NA,NA,,
myv,4,2016-05-30,11:40,2.00,145.0,9.7,108.10,12.38,8.96,115.00,130.00,745.20,NA,NA,,
myv,4,2016-05-30,11:40,2.50,107.0,9.4,109.70,12.59,8.96,115.00,130.00,745.20,NA,NA,,
myv,4,2016-05-30,11:40,3.00,NA,NA,NA,NA,NA,115.00,130.00,745.20,NA,NA,,
myv,33,2016-06-05,14:18,0.00,1500.0,15.5,120.10,11.99,8.70,145.00,175.00,744.10,NA,NA,,
myv,33,2016-06-05,14:18,0.50,1200.0,15.5,120.30,12.00,8.70,145.00,175.00,744.10,NA,NA,,
myv,33,2016-06-05,14:18,1.00,950.0,15.5,120.20,11.99,8.70,145.00,175.00,744.10,NA,NA,,
myv,33,2016-06-05,14:18,1.50,800.0,15.4,120.20,12.02,8.62,145.00,175.00,744.10,NA,NA,,
myv,33,2016-06-05,14:18,2.00,600.0,15.4,120.20,12.04,8.71,145.00,175.00,744.10,NA,NA,,
myv,33,2016-06-05,14:18,2.50,500.0,15.3,124.00,12.45,8.71,145.00,175.00,744.10,NA,NA,,
myv,33,2016-06-05,14:18,3.00,400.0,12.2,124.70,12.52,8.75,145.00,175.00,744.10,NA,NA,,
myv,33,2016-06-11,11:50,0.00,1300.0,16.6,117.20,11.42,9.05,INF,INF,736.90,NA,NA,*secchi touched bottom at 2.45m,
myv,33,2016-06-11,11:50,0.50,1100.0,16.5,117.10,11.44,9.05,INF,INF,736.90,NA,NA,*secchi touched bottom at 2.45m,
myv,33,2016-06-11,11:50,1.00,950.0,16.4,117.30,11.48,9.06,INF,INF,736.90,NA,NA,*secchi touched bottom at 2.45m,
myv,33,2016-06-11,11:50,1.50,780.0,16.3,117.60,11.53,9.06,INF,INF,736.90,NA,NA,*secchi touched bottom at 2.45m,
myv,33,2016-06-11,11:50,2.00,590.0,16.2,118.30,11.62,9.05,INF,INF,736.90,NA,NA,*secchi touched bottom at 2.45m,
myv,33,2016-06-11,11:50,2.50,540.0,16.2,119.40,11.77,9.08,INF,INF,736.90,NA,NA,*secchi touched bottom at 2.45m,
myv,33,2016-06-11,11:50,3.00,450.0,16.2,119.30,11.76,9.11,INF,INF,736.90,NA,NA,*secchi touched bottom at 2.45m,
myv,33,2016-06-22,11:33,0.00,1378.9,16.1,102.10,10.08,9.05,INF,INF,730.70,NA,NA,*secchi touched bottom at 2.45m,
myv,33,2016-06-22,11:33,0.50,1238.0,15.4,102.00,10.16,9.12,INF,INF,730.70,NA,NA,*secchi touched bottom at 2.45m,
myv,33,2016-06-22,11:33,1.00,937.0,14.8,101.50,10.30,9.12,INF,INF,730.70,NA,NA,*secchi touched bottom at 2.45m,
myv,33,2016-06-22,11:33,1.50,788.1,14.6,102.30,10.43,9.17,INF,INF,730.70,NA,NA,*secchi touched bottom at 2.45m,
myv,33,2016-06-22,11:33,2.00,668.7,14.4,101.60,10.38,9.12,INF,INF,730.70,NA,NA,*secchi touched bottom at 2.45m,
myv,33,2016-06-22,11:33,2.50,486.9,14.2,105.20,10.83,9.12,INF,INF,730.70,NA,NA,*secchi touched bottom at 2.45m,
myv,33,2016-06-22,11:33,3.00,413.2,14.1,105.70,10.87,9.20,INF,INF,730.70,NA,NA,*secchi touched bottom at 2.45m,
myv,1,2016-06-26,NA,NA,NA,NA,NA,NA,NA,INF,INF,NA,NA,NA,"*only took secchi depth, secchi disk hit bottom at 269.00",
myv,2,2016-06-27,NA,NA,NA,NA,NA,NA,NA,INF,INF,NA,NA,NA,"*only took secchi depth, secchi disk hit bottom at 280.00",
myv,33,2016-06-26,NA,NA,NA,NA,NA,NA,NA,2.9,3.2,NA,NA,NA,*only took secchi depth,
myv,4,2016-06-26,NA,NA,NA,NA,NA,NA,NA,INF,INF,NA,NA,NA,"*only took secchi depth, secchi disk hit bottom at 290.00",
myv,5,2016-06-27,NA,NA,NA,NA,NA,NA,NA,INF,INF,NA,NA,NA,"*only took secchi depth, secchi disk hit bottom at 259.00",
myv,6,2016-06-27,NA,NA,NA,NA,NA,NA,NA,INF,INF,NA,NA,NA,"*only took secchi depth, secchi disk hit bottom at 263.00",
myv,33,2016-07-05,11:21,0.00,1311.5,11.9,94.50,10.20,8.82,2.70,3.00,740.90,NA,NA,AM: changed to 1311.5 on 15may2020; confirmed with datasheet; used to be 311.5,
myv,33,2016-07-05,11:21,0.50,1016.4,11.8,94.00,10.18,8.77,2.70,3.00,740.90,NA,NA,,
myv,33,2016-07-05,11:21,1.00,733.3,11.6,93.00,10.11,8.75,2.70,3.00,740.90,NA,NA,,
myv,33,2016-07-05,11:21,1.50,571.3,11.4,91.80,10.02,8.73,2.70,3.00,740.90,NA,NA,,
myv,33,2016-07-05,11:21,2.00,488.8,11.1,90.90,10.00,8.75,2.70,3.00,740.90,NA,NA,,
myv,33,2016-07-05,11:21,2.50,376.0,10.9,90.70,10.03,8.75,2.70,3.00,740.90,NA,NA,,
myv,33,2016-07-05,11:21,3.00,277.7,10.6,93.40,10.40,8.74,2.70,3.00,740.90,NA,NA,,
myv,1,2016-07-10,11:17,0.00,490,12.3,102.3,10.96,9.21,1.8,2.4,NA,NA,NA,,
myv,1,2016-07-10,11:17,0.50,453,12.3,102.5,10.95,9.2,1.8,2.4,NA,NA,NA,,
myv,1,2016-07-10,11:17,1.00,366.5,12.3,102.6,10.98,9.19,1.8,2.4,NA,NA,NA,,
myv,1,2016-07-10,11:17,1.50,262.2,12.3,102.6,10.98,9.15,1.8,2.4,NA,NA,NA,,
myv,1,2016-07-10,11:17,2.00,333.5,12.3,102.9,11.01,9.14,1.8,2.4,NA,NA,NA,,
myv,1,2016-07-10,11:17,2.50,190,12.3,103,11.02,9.13,1.8,2.4,NA,NA,NA,,
myv,1,2016-07-10,11:17,3.00,NA,NA,NA,NA,NA,NA,NA,NA,NA,NA,,
myv,2,2016-07-10,12:30,0.00,704,12.8,103.3,10.94,9.11,INF,INF,NA,NA,NA,*Secchi hit bottom at 2.8m,
myv,2,2016-07-10,12:30,0.50,446.7,12.8,103.3,10.93,9.1,INF,INF,NA,NA,NA,*Secchi hit bottom at 2.8m,
myv,2,2016-07-10,12:30,1.00,302,12.8,103.2,10.93,9.09,INF,INF,NA,NA,NA,*Secchi hit bottom at 2.8m,
myv,2,2016-07-10,12:30,1.50,250,12.9,103.2,10.9,9.06,INF,INF,NA,NA,NA,*Secchi hit bottom at 2.8m,
myv,2,2016-07-10,12:30,2.00,173,12.9,104.5,11.03,9.07,INF,INF,NA,NA,NA,*Secchi hit bottom at 2.8m,
myv,2,2016-07-10,12:30,2.50,145,12.9,104.8,11.07,9.05,INF,INF,NA,NA,NA,*Secchi hit bottom at 2.8m,
myv,2,2016-07-10,12:30,3.00,NA,NA,NA,NA,NA,NA,NA,NA,NA,NA,*Secchi hit bottom at 2.8m,
myv,33,2016-07-13,15:46,0.00,235,12.7,99.1,10.51,9.23,2.33,2.5,NA,NA,NA,,
myv,33,2016-07-13,15:46,0.50,173.9,12.5,98.9,10.53,9.2,2.33,2.5,NA,NA,NA,,
myv,33,2016-07-13,15:46,1.00,104,11.9,97.4,10.51,9.17,2.33,2.5,NA,NA,NA,,
myv,33,2016-07-13,15:46,1.50,116,11.6,96.5,10.5,9.15,2.33,2.5,NA,NA,NA,,
myv,33,2016-07-13,15:46,2.00,90,11.4,95.6,10.43,9.13,2.33,2.5,NA,NA,NA,,
myv,33,2016-07-13,15:46,2.50,74,11.2,106.4,11.68,9.13,2.33,2.5,NA,NA,NA,,
myv,33,2016-07-13,15:46,3.00,61.5,11.2,107.4,11.79,9.11,2.33,2.5,NA,NA,NA,,
myv,4,2016-07-13,15:15,0.00,505.7,12.7,96,10.19,9.16,2.4,2.8,NA,NA,NA,,
myv,4,2016-07-13,15:15,0.50,424,12.3,95.2,10.22,9.13,2.4,2.8,NA,NA,NA,,
myv,4,2016-07-13,15:15,1.00,306,12.1,106.7,11.47,9.12,2.4,2.8,NA,NA,NA,,
myv,4,2016-07-13,15:15,1.50,220,11.9,108.6,11.74,9.13,2.4,2.8,NA,NA,NA,,
myv,4,2016-07-13,15:15,2.00,147,11.9,105.4,11.38,9.18,2.4,2.8,NA,NA,NA,,
myv,4,2016-07-13,15:15,2.50,127,11.8,105.2,11.4,9.16,2.4,2.8,NA,NA,NA,,
myv,4,2016-07-13,15:15,3.00,NA,NA,NA,NA,NA,NA,NA,NA,NA,NA,*secchi hit bottom at 2.87m,
myv,5,2016-07-09,16:35,0.00,1300,12.3,102.3,10.95,9.07,INF,INF,NA,NA,NA,*Secchi hit bottom at 2.52m,
myv,5,2016-07-09,16:35,0.50,1250,12.3,103.3,11.06,9.07,INF,INF,NA,NA,NA,*Secchi hit bottom at 2.52m,
myv,5,2016-07-09,16:35,1.00,850,12.2,103.8,11.13,9.06,INF,INF,NA,NA,NA,*Secchi hit bottom at 2.52m,
myv,5,2016-07-09,16:35,1.50,700,11.8,107.2,11.63,9.08,INF,INF,NA,NA,NA,*Secchi hit bottom at 2.52m,
myv,5,2016-07-09,16:35,2.00,700,11.7,107.5,11.65,9.06,INF,INF,NA,NA,NA,*Secchi hit bottom at 2.52m,
myv,5,2016-07-09,16:35,2.50,NA,NA,NA,NA,NA,NA,NA,NA,NA,NA,*Secchi hit bottom at 2.52m,
myv,5,2016-07-09,16:35,3.00,NA,NA,NA,NA,NA,NA,NA,NA,NA,NA,*Secchi hit bottom at 2.52m,
myv,6,2016-07-09,12:40,0.00,459,12.0,109.4,11.81,9.26,INF,INF,NA,NA,NA,*Secchi hit bottom at 2.66m,
myv,6,2016-07-09,12:40,0.50,350,11.8,109.4,11.81,9.07,INF,INF,NA,NA,NA,*Secchi hit bottom at 2.66m,
myv,6,2016-07-09,12:40,1.00,266,11.4,108.8,11.92,9.07,INF,INF,NA,NA,NA,*Secchi hit bottom at 2.66m,
myv,6,2016-07-09,12:40,1.50,234,11.3,109.2,11.95,9.06,INF,INF,NA,NA,NA,*Secchi hit bottom at 2.66m,
myv,6,2016-07-09,12:40,2.00,245,11.2,109.3,12,9.05,INF,INF,NA,NA,NA,*Secchi hit bottom at 2.66m,
myv,6,2016-07-09,12:40,2.50,250,11.2,109.3,11.99,9.04,INF,INF,NA,NA,NA,*Secchi hit bottom at 2.66m,
myv,6,2016-07-09,12:40,3.00,NA,NA,NA,NA,NA,NA,NA,NA,NA,NA,*Secchi hit bottom at 2.66m,
myv,33,2016-07-18,10:23,0.00,1023.0,13.5,109.60,11.43,9.34,2.20,2.60,736.50,NA,NA,,
myv,33,2016-07-18,10:23,0.50,877.0,13.5,109.90,11.46,9.31,2.20,2.60,736.50,NA,NA,,
myv,33,2016-07-18,10:23,1.00,470.0,13.5,110.00,11.46,9.28,2.20,2.60,736.50,NA,NA,,
myv,33,2016-07-18,10:23,1.50,303.0,13.4,109.80,11.47,9.27,2.20,2.60,736.50,NA,NA,,
myv,33,2016-07-18,10:23,2.00,255.9,13.4,109.70,11.45,9.26,2.20,2.60,736.50,NA,NA,,
myv,33,2016-07-18,10:23,2.50,185.0,13.4,109.70,11.47,9.25,2.20,2.60,736.50,NA,NA,,
myv,33,2016-07-18,10:23,3.00,170.0,13.4,110.20,11.52,9.22,2.20,2.60,736.50,NA,NA,,
myv,1,2016-07-25,12:50,0.00,262,14.1,103.1,10.6,9.44,1.9,2.36,NA,NA,NA,,
myv,1,2016-07-25,12:50,0.50,210,14.1,103.2,10.61,9.42,1.9,2.36,NA,NA,NA,,
myv,1,2016-07-25,12:50,1.00,156,14.1,103.1,10.6,9.42,1.9,2.36,NA,NA,NA,,
myv,1,2016-07-25,12:50,1.50,127,14.2,103.1,10.58,9.41,1.9,2.36,NA,NA,NA,,
myv,1,2016-07-25,12:50,2.00,105,14.2,103,10.57,9.42,1.9,2.36,NA,NA,NA,,
myv,1,2016-07-25,12:50,2.50,78,14.2,103,10.57,9.41,1.9,2.36,NA,NA,NA,,
myv,1,2016-07-25,12:50,3.00,NA,NA,NA,NA,NA,NA,NA,NA,NA,NA,*secchi hit bottom at 2.76m,
myv,2,2016-07-25,10:35,0.00,248,14.3,110.7,11.34,9.54,2.05,2.6,NA,NA,NA,,
myv,2,2016-07-25,10:35,0.50,183,14.3,110.9,11.36,9.55,2.05,2.6,NA,NA,NA,,
myv,2,2016-07-25,10:35,1.00,145,14.3,111,11.36,9.55,2.05,2.6,NA,NA,NA,,
myv,2,2016-07-25,10:35,1.50,107,14.3,110.8,11.35,9.55,2.05,2.6,NA,NA,NA,,
myv,2,2016-07-25,10:35,2.00,78,14.4,111.2,11.36,9.55,2.05,2.6,NA,NA,NA,,
myv,2,2016-07-25,10:35,2.50,58,14.4,110.9,11.33,9.53,2.05,2.6,NA,NA,NA,,
myv,2,2016-07-25,10:35,3.00,NA,NA,NA,NA,NA,NA,NA,NA,NA,NA,*secchi hit bottom at 2.8m,
myv,33,2016-07-25,9:45,0.00,270,14.3,108.2,11.08,9.47,1.83,2.16,NA,NA,NA,,
myv,33,2016-07-25,9:45,0.50,212,14.3,108.3,11.09,9.46,1.83,2.16,NA,NA,NA,,
myv,33,2016-07-25,9:45,1.00,156,14.3,108.3,11.09,9.43,1.83,2.16,NA,NA,NA,,
myv,33,2016-07-25,9:45,1.50,122,14.3,108.3,11.09,9.42,1.83,2.16,NA,NA,NA,,
myv,33,2016-07-25,9:45,2.00,90,14.3,108.3,11.09,9.42,1.83,2.16,NA,NA,NA,,
myv,33,2016-07-25,9:45,2.50,75,14.3,108.2,11.08,9.4,1.83,2.16,NA,NA,NA,,
myv,33,2016-07-25,9:45,3.00,59.1,14.3,108.2,11.08,9.39,1.83,2.16,NA,NA,NA,,
myv,4,2016-07-24,13:05,0.00,172,14.7,127.6,12.95,9.42,2.5,2.79,NA,NA,NA,,
myv,4,2016-07-24,13:05,0.50,134,14.7,127.4,12.93,9.41,2.5,2.79,NA,NA,NA,,
myv,4,2016-07-24,13:05,1.00,106,14.7,127.8,12.97,9.41,2.5,2.79,NA,NA,NA,,
myv,4,2016-07-24,13:05,1.50,86,14.7,127.4,12.93,9.4,2.5,2.79,NA,NA,NA,,
myv,4,2016-07-24,13:05,2.00,71,14.7,127.1,12.9,9.4,2.5,2.79,NA,NA,NA,,
myv,4,2016-07-24,13:05,2.50,54,14.7,126.9,12.08,9.39,2.5,2.79,NA,NA,NA,,
myv,4,2016-07-24,13:05,3.00,NA,NA,NA,NA,NA,NA,NA,733.1,NA,NA,*secchi hit bottom at 2.6m,
myv,5,2016-07-23,17:30,0.00,420,13.8,99.7,10.32,9.1,INF,INF,733.1,NA,NA,*secchi hit bottom at 2.6m,
myv,5,2016-07-23,17:30,0.50,350,13.7,100,10.37,9.07,INF,INF,733.1,NA,NA,*secchi hit bottom at 2.6m,
myv,5,2016-07-23,17:30,1.00,260,13.7,100,10.38,9.06,INF,INF,733.1,NA,NA,*secchi hit bottom at 2.6m,
myv,5,2016-07-23,17:30,1.50,190,13.7,99.9,10.37,9.05,INF,INF,733.1,NA,NA,*secchi hit bottom at 2.6m,
myv,5,2016-07-23,17:30,2.00,160,13.6,103,10.74,9.05,INF,INF,733.1,NA,NA,*secchi hit bottom at 2.6m,
myv,5,2016-07-23,17:30,2.50,NA,NA,NA,NA,NA,NA,NA,733.1,NA,NA,*secchi hit bottom at 2.6m,
myv,5,2016-07-23,17:30,3.00,NA,NA,NA,NA,NA,NA,NA,733.1,NA,NA,*secchi hit bottom at 2.6m,
myv,6,2016-07-23,16:30,0.00,750,13,102.4,10.84,9.13,INF,INF,733,NA,NA,*secchi hit bottom at 2.7m,
myv,6,2016-07-23,16:30,0.50,550,12.8,102.5,10.85,9.11,INF,INF,733,NA,NA,*secchi hit bottom at 2.7m,
myv,6,2016-07-23,16:30,1.00,430,12.8,102.2,10.84,9.11,INF,INF,733,NA,NA,*secchi hit bottom at 2.7m,
myv,6,2016-07-23,16:30,1.50,260,12.7,101.8,10.82,9.11,INF,INF,733,NA,NA,*secchi hit bottom at 2.7m,
myv,6,2016-07-23,16:30,2.00,217,11.9,101.8,11.02,9.11,INF,INF,733,NA,NA,*secchi hit bottom at 2.7m,
myv,6,2016-07-23,16:30,2.50,190,11.8,102.2,11.07,9.08,INF,INF,733,NA,NA,*secchi hit bottom at 2.7m,
myv,6,2016-07-23,16:30,3.00,NA,NA,NA,NA,NA,NA,NA,733,NA,NA,*secchi hit bottom at 2.7m,
myv,33,2016-07-31,10:42,0.00,844.3,12.0,106.40,11.49,9.71,1.23,1.86,741.30,NA,NA,,
myv,33,2016-07-31,10:42,0.50,480.0,12.0,106.50,11.49,9.66,1.23,1.86,741.30,NA,NA,,
myv,33,2016-07-31,10:42,1.00,349.0,11.9,106.60,11.51,9.58,1.23,1.86,741.30,NA,NA,,
myv,33,2016-07-31,10:42,1.50,256.0,11.8,106.70,11.55,9.40,1.23,1.86,741.30,NA,NA,,
myv,33,2016-07-31,10:42,2.00,145.0,11.7,106.70,11.58,9.39,1.23,1.86,741.30,NA,NA,,
myv,33,2016-07-31,10:42,2.50,114.3,11.4,108.60,11.87,9.41,1.23,1.86,741.30,NA,NA,,
myv,33,2016-07-31,10:42,3.00,93.4,11.4,108.70,11.88,9.60,1.23,1.86,741.30,NA,NA,,
myv,33,2016-08-02,NA,0.00,550.0,12.8,111.00,11.75,NA,1.70,2.25,NA,NA,NA,,
myv,33,2016-08-02,NA,0.50,360.0,12.8,111.80,11.83,NA,1.70,2.25,NA,NA,NA,,
myv,33,2016-08-02,NA,1.00,290.0,12.7,112.10,11.87,NA,1.70,2.25,NA,NA,NA,,
myv,33,2016-08-02,NA,1.50,265.0,12.7,113.20,12.00,NA,1.70,2.25,NA,NA,NA,,
myv,33,2016-08-02,NA,2.00,213.0,12.6,112.70,11.98,NA,1.70,2.25,NA,NA,NA,,
myv,33,2016-08-02,NA,2.50,178.0,12.6,113.80,12.11,NA,1.70,2.25,NA,NA,NA,,
myv,33,2016-08-02,NA,3.00,139.0,12.6,114.40,12.16,NA,1.70,2.25,NA,NA,NA,,
myv,2,2016-08-03,11:18,0.00,160.1,12.1,116.50,12.52,NA,2.10,2.40,734.2,NA,NA,*secchi hit bottom at 2.7m,
myv,2,2016-08-03,11:18,0.50,145.0,12.2,116.60,12.51,NA,2.10,2.40,734.2,NA,NA,*secchi hit bottom at 2.7m,
myv,2,2016-08-03,11:18,1.00,108.0,12.2,116.80,12.53,NA,2.10,2.40,734.2,NA,NA,*secchi hit bottom at 2.7m,
myv,2,2016-08-03,11:18,1.50,94.0,12.2,117.10,12.56,NA,2.10,2.40,734.2,NA,NA,*secchi hit bottom at 2.7m,
myv,2,2016-08-03,11:18,2.00,77.0,12.2,117.00,12.56,NA,2.10,2.40,734.2,NA,NA,*secchi hit bottom at 2.7m,
myv,2,2016-08-03,11:18,2.50,64.0,12.2,119.2,12.8,NA,2.10,2.40,734.2,NA,NA,*secchi hit bottom at 2.7m,
myv,2,2016-08-03,11:18,3.00,NA,NA,NA,NA,NA,NA,NA,NA,NA,NA,*secchi hit bottom at 2.7m,
myv,1,2016-08-10,10:05,0.00,495,12.3,112.1,12,9.54,2.4,2.6,737.1,NA,NA,*secchi hit bottom at 2.65m,
myv,1,2016-08-10,10:05,0.50,440,12.2,112.3,12.05,9.55,2.4,2.6,737.1,NA,NA,*secchi hit bottom at 2.65m,
myv,1,2016-08-10,10:05,1.00,332,12.2,112.1,12.04,9.51,2.4,2.6,737.1,NA,NA,*secchi hit bottom at 2.65m,
myv,1,2016-08-10,10:05,1.50,235,12.2,112.4,12.06,9.49,2.4,2.6,737.1,NA,NA,*secchi hit bottom at 2.65m,
myv,1,2016-08-10,10:05,2.00,198,12.2,112.3,12.05,9.47,2.4,2.6,737.1,NA,NA,*secchi hit bottom at 2.65m,
myv,1,2016-08-10,10:05,2.50,170,12.1,112.6,12.11,9.48,2.4,2.6,737.1,NA,NA,*secchi hit bottom at 2.65m,
myv,1,2016-08-10,10:05,3.00,NA,NA,NA,NA,NA,NA,NA,NA,NA,NA,*secchi hit bottom at 2.65m,
myv,2,2016-08-10,12:48,0.00,660,12.5,113.1,12.05,9.45,INF,INF,735.8,NA,NA,*secchi hit bottom at 2.74m,
myv,2,2016-08-10,12:48,0.50,567,12.3,112.8,12.07,9.47,INF,INF,735.8,NA,NA,*secchi hit bottom at 2.74m,
myv,2,2016-08-10,12:48,1.00,459,12.1,116.5,12.52,9.47,INF,INF,735.8,NA,NA,*secchi hit bottom at 2.74m,
myv,2,2016-08-10,12:48,1.50,311,12.1,117.6,12.65,9.48,INF,INF,735.8,NA,NA,*secchi hit bottom at 2.74m,
myv,2,2016-08-10,12:48,2.00,300,12.1,118.4,12.73,9.48,INF,INF,735.8,NA,NA,*secchi hit bottom at 2.74m,
myv,2,2016-08-10,12:48,2.50,189,12,121.4,13.09,9.48,INF,INF,735.8,NA,NA,*secchi hit bottom at 2.74m,
myv,2,2016-08-10,12:48,3.00,NA,NA,NA,NA,NA,NA,NA,NA,NA,NA,*secchi hit bottom at 2.74m,
myv,33,2016-08-10,16:16,0.00,299,13.3,119.8,12.12,9.64,2.7,2.95,735.6,NA,NA,*secchi hit bottom at 3.25m,
myv,33,2016-08-10,16:16,0.50,187,13.3,119.2,12.08,9.69,2.7,2.95,735.6,NA,NA,*secchi hit bottom at 3.25m,
myv,33,2016-08-10,16:16,1.00,161,12.3,123.6,12.8,9.7,2.7,2.95,735.6,NA,NA,*secchi hit bottom at 3.25m,
myv,33,2016-08-10,16:16,1.50,120,12.3,124.5,12.9,9.72,2.7,2.95,735.6,NA,NA,*secchi hit bottom at 3.25m,
myv,33,2016-08-10,16:16,2.00,106,12.3,124.2,12.87,9.71,2.7,2.95,735.6,NA,NA,*secchi hit bottom at 3.25m,
myv,33,2016-08-10,16:16,2.50,93,12.3,124.2,12.87,9.7,2.7,2.95,735.6,NA,NA,*secchi hit bottom at 3.25m,
myv,33,2016-08-10,16:16,3.00,80,12.3,123.4,12.78,9.71,2.7,2.95,735.6,NA,NA,*secchi hit bottom at 3.25m,
myv,4,2016-08-09,14:07,0.00,460,12.3,111.7,11.96,9.05,2.55,2.65,742.5,NA,NA,*secchi hit bottom at 2.88m,
myv,4,2016-08-09,14:07,0.50,331,12.3,111.6,11.95,9.09,2.55,2.65,742.5,NA,NA,*secchi hit bottom at 2.88m,
myv,4,2016-08-09,14:07,1.00,236,12.2,112,12.02,9.12,2.55,2.65,742.5,NA,NA,*secchi hit bottom at 2.88m,
myv,4,2016-08-09,14:07,1.50,182,12.2,113.5,12.18,9.13,2.55,2.65,742.5,NA,NA,*secchi hit bottom at 2.88m,
myv,4,2016-08-09,14:07,2.00,148,12.1,117,12.58,9.13,2.55,2.65,742.5,NA,NA,*secchi hit bottom at 2.88m,
myv,4,2016-08-09,14:07,2.50,121,12.1,127.7,13.73,9.16,2.55,2.65,742.5,NA,NA,*secchi hit bottom at 2.88m,
myv,4,2016-08-09,14:07,3.00,NA,NA,NA,NA,NA,NA,NA,NA,NA,NA,*secchi hit bottom at 2.88m,
myv,5,2016-08-09,12:35,0.00,638,10.9,108,11.94,9.11,INF,INF,742.7,NA,NA,*secchi hit bottom at 2.49m,
myv,5,2016-08-09,12:35,0.50,510,10.9,107.9,11.93,9.11,INF,INF,742.7,NA,NA,*secchi hit bottom at 2.49m,
myv,5,2016-08-09,12:35,1.00,435,10.8,108,11.96,9.1,INF,INF,742.7,NA,NA,*secchi hit bottom at 2.49m,
myv,5,2016-08-09,12:35,1.50,384,10.7,110,12.22,9.07,INF,INF,742.7,NA,NA,*secchi hit bottom at 2.49m,
myv,5,2016-08-09,12:35,2.00,326,10.7,111,12.33,9.06,INF,INF,742.7,NA,NA,*secchi hit bottom at 2.49m,
myv,5,2016-08-09,12:35,2.50,NA,NA,NA,NA,NA,NA,NA,NA,NA,NA,*secchi hit bottom at 2.49m,
myv,5,2016-08-09,12:35,3.00,NA,NA,NA,NA,NA,NA,NA,NA,NA,NA,*secchi hit bottom at 2.49m,
myv,6,2016-08-09,10:48,0.00,568,10,106.4,12.01,8.88,INF,INF,743,NA,NA,*secchi hit bottom at 2.7m,
myv,6,2016-08-09,10:48,0.50,484,10,106.6,12.03,8.89,INF,INF,743,NA,NA,*secchi hit bottom at 2.7m,
myv,6,2016-08-09,10:48,1.00,353,9.8,107.1,12.15,8.9,INF,INF,743,NA,NA,*secchi hit bottom at 2.7m,
myv,6,2016-08-09,10:48,1.50,318,9.7,107.5,12.22,8.88,INF,INF,743,NA,NA,*secchi hit bottom at 2.7m,
myv,6,2016-08-09,10:48,2.00,253,9.7,116.1,13.2,8.86,INF,INF,743,NA,NA,*secchi hit bottom at 2.7m,
myv,6,2016-08-09,10:48,2.50,224,9.7,109.2,12.42,8.86,INF,INF,743,NA,NA,*secchi hit bottom at 2.7m,
myv,6,2016-08-09,10:48,3.00,NA,NA,NA,NA,NA,NA,NA,NA,NA,NA,*secchi hit bottom at 2.7m,
myv,2,2016-08-17,10:29,0.00,223.0,12.3,127.10,13.12,NA,1.38,1.66,733.9,NA,NA,*secchi hit bottom at 2.7m,
myv,2,2016-08-17,10:29,0.50,138.0,12.3,126.40,13.03,NA,1.38,1.66,733.9,NA,NA,*secchi hit bottom at 2.7m,
myv,2,2016-08-17,10:29,1.00,92.0,12.3,126.30,13.04,NA,1.38,1.66,733.9,NA,NA,*secchi hit bottom at 2.7m,
myv,2,2016-08-17,10:29,1.50,67.0,12.3,125.80,13.00,NA,1.38,1.66,733.9,NA,NA,*secchi hit bottom at 2.7m,
myv,2,2016-08-17,10:29,2.00,44.0,12.3,125.70,12.97,NA,1.38,1.66,733.9,NA,NA,*secchi hit bottom at 2.7m,
myv,2,2016-08-17,10:29,2.50,32.0,12.3,124.8,12.88,NA,1.38,1.66,733.9,NA,NA,*secchi hit bottom at 2.7m,
myv,2,2016-08-17,10:29,3.00,NA,NA,NA,NA,NA,NA,NA,NA,NA,NA,*secchi hit bottom at 2.7m,
myv,33,2016-08-17,10:01,0.00,96.0,12.3,121.40,12.54,NA,2.40,2.60,733.80,NA,NA,,
myv,33,2016-08-17,10:01,0.50,65.0,12.3,121.00,12.51,NA,2.40,2.60,733.80,NA,NA,,
myv,33,2016-08-17,10:01,1.00,55.0,12.3,120.20,12.41,NA,2.40,2.60,733.80,NA,NA,,
myv,33,2016-08-17,10:01,1.50,42.0,12.3,119.70,12.37,NA,2.40,2.60,733.80,NA,NA,,
myv,33,2016-08-17,10:01,2.00,36.0,12.3,119.20,12.32,NA,2.40,2.60,733.80,NA,NA,,
myv,33,2016-08-17,10:01,2.50,31.0,12.3,119.10,12.31,NA,2.40,2.60,733.80,NA,NA,,
myv,33,2016-08-17,10:01,3.00,26.0,12.3,118.20,12.22,NA,2.40,2.60,733.80,NA,NA,,
myv,6,2016-08-20,9:44,0.00,976.0,10.9,129.40,13.90,NA,INF,INF,736.9,NA,NA,,
myv,6,2016-08-20,9:44,0.50,610.0,10.8,128.40,13.85,NA,INF,INF,737.9,NA,NA,,
myv,6,2016-08-20,9:44,1.00,450.0,10.7,128.10,13.78,NA,INF,INF,737.9,NA,NA,,
myv,6,2016-08-20,9:44,1.50,390.0,10.6,131.00,14.14,NA,INF,INF,737.9,NA,NA,,
myv,6,2016-08-20,9:44,2.00,NA,NA,NA,NA,NA,NA,NA,NA,NA,NA,,
myv,6,2016-08-20,9:44,2.50,NA,NA,NA,NA,NA,NA,NA,NA,NA,NA,,
myv,6,2016-08-20,9:44,3.00,NA,NA,NA,NA,NA,NA,NA,NA,NA,NA,,
myv,33,2017-05-24,11:45,0.00,314.0,9.9,105.00,11.91,NA,1.20,1.90,732.00,NA,NA,,
myv,33,2017-05-24,11:45,0.50,233.0,9.9,106.00,12.00,NA,1.20,1.90,732.00,NA,NA,,
myv,33,2017-05-24,11:45,1.00,200.0,9.9,106.30,12.03,NA,1.20,1.90,732.00,NA,NA,,
myv,33,2017-05-24,11:45,1.50,150.0,9.9,106.50,12.06,NA,1.20,1.90,732.00,NA,NA,,
myv,33,2017-05-24,11:45,2.00,138.0,9.9,106.50,12.06,NA,1.20,1.90,732.00,NA,NA,,
myv,33,2017-05-24,11:45,2.50,115.0,9.9,106.40,12.04,NA,1.20,1.90,732.00,NA,NA,,
myv,33,2017-05-24,11:45,3.00,99.0,9.9,106.50,12.08,NA,1.20,1.90,732.00,NA,NA,,
myv,33,2017-06-08,12:10,0.00,580.0,8.4,103.20,12.11,9.24,1.83,2.04,732.70,NA,NA,pH meter cable does not properly extend to the various depths; floats slightly maybe ziptie to light meter,
myv,33,2017-06-08,12:10,0.50,450.0,8.4,103.50,12.14,9.28,1.83,2.04,732.70,NA,NA,pH meter cable does not properly extend to the various depths; floats slightly maybe ziptie to light meter,
myv,33,2017-06-08,12:10,1.00,320.0,8.4,103.20,12.11,9.30,1.83,2.04,732.70,NA,NA,pH meter cable does not properly extend to the various depths; floats slightly maybe ziptie to light meter,
myv,33,2017-06-08,12:10,1.50,305.0,8.4,103.40,12.12,9.33,1.83,2.04,732.70,NA,NA,pH meter cable does not properly extend to the various depths; floats slightly maybe ziptie to light meter,
myv,33,2017-06-08,12:10,2.00,240.0,8.4,103.30,12.12,9.33,1.83,2.04,732.70,NA,NA,pH meter cable does not properly extend to the various depths; floats slightly maybe ziptie to light meter,
myv,33,2017-06-08,12:10,2.50,190.0,8.4,103.40,12.12,9.33,1.83,2.04,732.70,NA,NA,pH meter cable does not properly extend to the various depths; floats slightly maybe ziptie to light meter,
myv,33,2017-06-08,12:10,3.00,158.0,8.4,103.30,12.12,9.34,1.83,2.04,732.70,NA,NA,pH meter cable does not properly extend to the various depths; floats slightly maybe ziptie to light meter,
myv,33,2017-06-16,11:27,0.00,220.0,10.7,109.70,12.20,9.46,INF,INF,730.40,NA,NA,could see entire secchi on bottom,
myv,33,2017-06-16,11:27,0.50,110.0,10.6,110.20,12.26,9.45,INF,INF,730.40,NA,NA,could see entire secchi on bottom,
myv,33,2017-06-16,11:27,1.00,136.0,10.6,110.20,12.27,9.45,INF,INF,730.40,NA,NA,could see entire secchi on bottom,
myv,33,2017-06-16,11:27,1.50,134.0,10.6,110.70,12.32,9.46,INF,INF,730.40,NA,NA,could see entire secchi on bottom,
myv,33,2017-06-16,11:27,2.00,117.0,10.6,110.80,12.34,9.47,INF,INF,730.40,NA,NA,could see entire secchi on bottom,
myv,33,2017-06-16,11:27,2.50,114.0,10.6,110.80,12.34,9.47,INF,INF,730.40,NA,NA,could see entire secchi on bottom,
myv,33,2017-06-16,11:27,3.00,97.0,10.6,110.70,12.33,9.47,INF,INF,730.40,NA,NA,could see entire secchi on bottom,
myv,33,2017-06-25,13:08,0.00,1470.0,11.6,102.60,11.14,9.53,2.74,2.82,740.10,NA,NA,ph meter still not heavy enough to measure depths,
myv,33,2017-06-25,13:08,0.50,1310.0,10.3,98.90,11.13,9.59,2.74,2.82,740.10,NA,NA,ph meter still not heavy enough to measure depths,
myv,33,2017-06-25,13:08,1.00,1040.0,9.8,98.90,11.21,9.59,2.74,2.82,740.10,NA,NA,ph meter still not heavy enough to measure depths,
myv,33,2017-06-25,13:08,1.50,815.0,9.7,99.00,11.25,9.58,2.74,2.82,740.10,NA,NA,ph meter still not heavy enough to measure depths,
myv,33,2017-06-25,13:08,2.00,650.0,9.6,99.20,11.31,9.58,2.74,2.82,740.10,NA,NA,ph meter still not heavy enough to measure depths,
myv,33,2017-06-25,13:08,2.50,530.0,9.6,99.40,11.33,9.59,2.74,2.82,740.10,NA,NA,ph meter still not heavy enough to measure depths,
myv,33,2017-06-25,13:08,3.00,432.0,9.5,99.40,11.36,9.60,2.74,2.82,740.10,NA,NA,ph meter still not heavy enough to measure depths,
myv,33,2017-07-05,11:35,0.00,1680.0,14.3,113.40,11.61,9.75,INF,INF,735.80,NA,NA,Harry used to read DOs; light meter not functioning properly,
myv,33,2017-07-05,11:35,0.50,1200.0,14.2,113.80,11.68,9.77,INF,INF,735.80,NA,NA,Harry used to read DOs; light meter not functioning properly,
myv,33,2017-07-05,11:35,1.00,1000.0,13.9,115.40,11.92,9.72,INF,INF,735.80,NA,NA,Harry used to read DOs; light meter not functioning properly,
myv,33,2017-07-05,11:35,1.50,700.0,13.9,115.90,11.96,9.71,INF,INF,735.80,NA,NA,Harry used to read DOs; light meter not functioning properly,
myv,33,2017-07-05,11:35,2.00,600.0,13.8,116.20,12.03,9.70,INF,INF,735.80,NA,NA,Harry used to read DOs; light meter not functioning properly,
myv,33,2017-07-05,11:35,2.50,500.0,13.8,116.30,12.04,9.66,INF,INF,735.80,NA,NA,Harry used to read DOs; light meter not functioning properly,
myv,33,2017-07-05,11:35,3.00,480.0,13.8,116.40,12.05,9.67,INF,INF,735.80,NA,NA,Harry used to read DOs; light meter not functioning properly,
myv,33,2017-07-17,11:50,0.00,245.6,13.4,102.00,10.65,9.62,INF,INF,731.60,NA,NA,Harry used to read Dos,
myv,33,2017-07-17,11:50,0.50,311.4,13.3,102.00,10.68,9.69,INF,INF,731.60,NA,NA,Harry used to read Dos,
myv,33,2017-07-17,11:50,1.00,279.1,13.3,102.00,10.67,9.72,INF,INF,731.60,NA,NA,Harry used to read Dos,
myv,33,2017-07-17,11:50,1.50,227.8,13.3,101.90,10.66,9.73,INF,INF,731.60,NA,NA,Harry used to read Dos,
myv,33,2017-07-17,11:50,2.00,203.6,13.3,102.20,10.69,9.74,INF,INF,731.60,NA,NA,Harry used to read Dos,
myv,33,2017-07-17,11:50,2.50,141.7,13.2,104.10,10.93,9.75,INF,INF,731.60,NA,NA,Harry used to read Dos,
myv,33,2017-07-17,11:50,3.00,22.6,13.2,104.30,10.94,9.77,INF,INF,731.60,NA,NA,Harry used to read Dos,
myv,33,2017-07-24,12:10,0.00,1259.0,17.2,110.50,10.63,9.46,INF,INF,743.10,NA,NA,Harry used to read Dos; can see secchi on bottom,
myv,33,2017-07-24,12:10,0.50,947.0,16.7,110.60,10.78,9.50,INF,INF,744.10,NA,NA,Harry used to read Dos; can see secchi on bottom,
myv,33,2017-07-24,12:10,1.00,805.0,15.9,109.90,10.90,9.54,INF,INF,745.10,NA,NA,Harry used to read Dos; can see secchi on bottom,
myv,33,2017-07-24,12:10,1.50,675.0,15.5,111.90,11.13,9.56,INF,INF,746.10,NA,NA,Harry used to read Dos; can see secchi on bottom,
myv,33,2017-07-24,12:10,2.00,516.0,15.4,113.20,11.32,9.57,INF,INF,747.10,NA,NA,Harry used to read Dos; can see secchi on bottom,
myv,33,2017-07-24,12:10,2.50,386.0,15.4,113.30,11.33,9.57,INF,INF,748.10,NA,NA,Harry used to read Dos; can see secchi on bottom,
myv,33,2017-07-24,12:10,3.00,288.0,15.4,113.50,11.35,9.58,INF,INF,749.10,NA,NA,Harry used to read Dos; can see secchi on bottom,
myv,33,2017-08-02,10:45,0.00,365.0,12.2,113.20,12.14,9.36,2.00,2.15,737.70,NA,NA,Hermione Used to read Dos,
myv,33,2017-08-02,10:45,0.50,290.0,12.3,113.30,12.13,9.37,2.00,2.15,737.70,NA,NA,Hermione Used to read Dos,
myv,33,2017-08-02,10:45,1.00,205.0,12.3,113.20,12.12,9.43,2.00,2.15,737.70,NA,NA,Hermione Used to read Dos,
myv,33,2017-08-02,10:45,1.50,165.0,12.3,113.20,12.11,9.42,2.00,2.15,737.70,NA,NA,Hermione Used to read Dos,
myv,33,2017-08-02,10:45,2.00,130.0,12.3,112.90,12.09,9.44,2.00,2.15,737.70,NA,NA,Hermione Used to read Dos,
myv,33,2017-08-02,10:45,2.50,104.0,12.3,112.90,12.09,9.45,2.00,2.15,737.70,NA,NA,Hermione Used to read Dos,
myv,33,2017-08-02,10:45,3.00,87.0,12.3,112.90,12.09,9.46,2.00,2.15,737.70,NA,NA,Hermione Used to read Dos,
myv,33,2017-08-20,10:45,0.00,148.9,NA,NA,NA,9.49,0.46,0.71,743.50,NA,NA,Hermione not working properly,
myv,33,2017-08-20,10:45,0.50,131.6,NA,NA,NA,9.75,0.46,0.71,743.50,NA,NA,Hermione not working properly,
myv,33,2017-08-20,10:45,1.00,103.0,NA,NA,NA,9.76,0.46,0.71,743.50,NA,NA,Hermione not working properly,
myv,33,2017-08-20,10:45,1.50,80.0,NA,NA,NA,9.78,0.46,0.71,743.50,NA,NA,Hermione not working properly,
myv,33,2017-08-20,10:45,2.00,65.8,NA,NA,NA,9.80,0.46,0.71,743.50,NA,NA,Hermione not working properly,
myv,33,2017-08-20,10:45,2.50,53.1,NA,NA,NA,9.78,0.46,0.71,743.50,NA,NA,Hermione not working properly,
myv,33,2017-08-20,10:45,3.00,43.1,NA,NA,NA,9.79,0.46,0.71,743.50,NA,NA,Hermione not working properly,
myv,33,2017-09-03,12:30,0.00,338.0,11.1,96.5,10.61,NA,NA,NA,722.5,NA,NA,Hermione Used to read Dos,
myv,33,2017-09-03,12:30,0.50,230.0,11,96.3,10.63,NA,NA,NA,722.5,NA,NA,Hermione Used to read Dos,
myv,33,2017-09-03,12:30,1.00,169.0,10.9,96.4,10.66,NA,NA,NA,722.5,NA,NA,Hermione Used to read Dos,
myv,33,2017-09-03,12:30,1.50,131.0,10.8,96.6,10.71,NA,NA,NA,722.5,NA,NA,Hermione Used to read Dos,
myv,33,2017-09-03,12:30,2.00,116.0,10.7,96.8,10.76,NA,NA,NA,722.5,NA,NA,Hermione Used to read Dos,
myv,33,2017-09-03,12:30,2.50,97.0,10.7,97.8,10.87,NA,NA,NA,722.5,NA,NA,Hermione Used to read Dos,
myv,33,2017-09-03,12:30,3.00,81.0,10.6,98.3,10.96,NA,NA,NA,722.5,NA,NA,Hermione Used to read Dos,
myv,33,2017-09-25,9:20,0.00,290.0,8,92.5,10.95,NA,NA,NA,740.1,NA,NA,probe=Harry,
myv,33,2017-09-25,9:20,0.50,165.0,8.1,92.4,10.91,NA,NA,NA,740.1,NA,NA,probe=Harry,
myv,33,2017-09-25,9:20,1.00,92.0,8.1,92.1,10.88,NA,NA,NA,740.1,NA,NA,probe=Harry,
myv,33,2017-09-25,9:20,1.50,50.0,8.1,91.9,10.86,NA,NA,NA,740.1,NA,NA,probe=Harry,
myv,33,2017-09-25,9:20,2.00,31.0,8.1,91.5,10.81,NA,NA,NA,740.1,NA,NA,probe=Harry,
myv,33,2017-09-25,9:20,2.50,30.0,8.1,91.2,10.77,NA,NA,NA,740.1,NA,NA,probe=Harry,
myv,33,2017-09-25,9:20,3.00,13.0,8.1,90.3,10.66,NA,NA,NA,740.1,NA,NA,probe=Harry,
myv,33,2017-10-05,12:30,0.00,400.0,6,94,11.71,NA,NA,NA,NA,NA,NA,Harry used to read Dos,
myv,33,2017-10-05,12:30,0.50,255.0,6,93.9,11.7,NA,NA,NA,NA,NA,NA,Harry used to read Dos,
myv,33,2017-10-05,12:30,1.00,177.0,6,93.9,11.69,NA,NA,NA,NA,NA,NA,Harry used to read Dos,
myv,33,2017-10-05,12:30,1.50,129.0,6,93.8,11.68,NA,NA,NA,NA,NA,NA,Harry used to read Dos,
myv,33,2017-10-05,12:30,2.00,75.0,6,93.8,11.67,NA,NA,NA,NA,NA,NA,Harry used to read Dos,
myv,33,2017-10-05,12:30,2.50,55.0,6,93.7,11.66,NA,NA,NA,NA,NA,NA,Harry used to read Dos,
myv,33,2017-10-05,12:30,3.00,35.0,6,93.7,11.66,NA,NA,NA,NA,NA,NA,Harry used to read Dos,
myv,1,2017-10-05,12:30,0.00,315.0,5,92.6,11.83,NA,NA,NA,NA,NA,NA,Harry used to read Dos,
myv,1,2017-10-05,12:30,0.50,210.0,5,92.6,11.82,NA,NA,NA,NA,NA,NA,Harry used to read Dos,
myv,1,2017-10-05,12:30,1.00,135.0,5,92.5,11.82,NA,NA,NA,NA,NA,NA,Harry used to read Dos,
myv,1,2017-10-05,12:30,1.50,90.0,5,92.5,11.82,NA,NA,NA,NA,NA,NA,Harry used to read Dos,
myv,1,2017-10-05,12:30,2.00,69.0,5,93.1,11.89,NA,NA,NA,NA,NA,NA,Harry used to read Dos,
myv,33,2017-10-03,13:25,0.00,142.0,7.2,95,11.48,NA,NA,NA,728,NA,NA,Harry used to read Dos,
myv,33,2017-10-03,13:25,0.50,80.0,7.2,94.9,11.47,NA,NA,NA,728,NA,NA,Harry used to read Dos,
myv,33,2017-10-03,13:25,1.00,59.0,7.2,94.8,11.43,NA,NA,NA,728,NA,NA,Harry used to read Dos,
myv,33,2017-10-03,13:25,1.50,41.0,7.3,94.9,11.43,NA,NA,NA,728,NA,NA,Harry used to read Dos,
myv,33,2017-10-03,13:25,2.00,33.0,7.3,94.8,11.42,NA,NA,NA,728,NA,NA,Harry used to read Dos,
myv,33,2017-10-03,13:25,2.50,26.0,7.3,94.4,11.37,NA,NA,NA,728,NA,NA,Harry used to read Dos,
myv,33,2017-10-03,13:25,3.00,NA,7.3,94.3,11.36,NA,NA,NA,728,NA,NA,Harry used to read Dos,
myv,1,2017-10-03,12:30,0.00,130.0,7.6,102.1,12.22,NA,NA,NA,728,NA,NA,Harry used to read Dos,
myv,1,2017-10-03,12:30,0.50,70.0,7.6,102.2,12.22,NA,NA,NA,728,NA,NA,Harry used to read Dos,
myv,1,2017-10-03,12:30,1.00,34.0,7.6,102.2,12.22,NA,NA,NA,728,NA,NA,Harry used to read Dos,
myv,1,2017-10-03,12:30,1.50,25.0,7.6,102.1,12.21,NA,NA,NA,728,NA,NA,Harry used to read Dos,
myv,1,2017-10-03,12:30,2.00,17.0,7.6,102,12.2,NA,NA,NA,728,NA,NA,Harry used to read Dos,
myv,1,2017-10-03,12:30,2.50,12.0,7.6,101.9,12.19,NA,NA,NA,728,NA,NA,Harry used to read Dos,
myv,33,2018-03-24,12:40,0.00,300,NA,NA,NA,NA,NA,NA,NA,NA,NA,Harry; sampling through ice,
myv,33,2018-03-24,12:40,0.50,73.0,0.9,89.2,12.67,NA,NA,NA,NA,NA,NA,Harry724.3 mmHg,
myv,33,2018-03-24,12:40,1.00,74.0,1.6,90.8,12.71,NA,NA,NA,NA,NA,NA,Harry,
myv,33,2018-03-24,12:40,1.50,72.0,3,87.8,11.81,NA,NA,NA,NA,NA,NA,Harry,
myv,33,2018-03-24,12:40,2.00,69.0,4.4,97.8,12.69,NA,NA,NA,NA,NA,NA,Harry,
myv,33,2018-03-24,12:40,2.50,60.0,4.6,112.6,14.5,NA,NA,NA,NA,NA,NA,Harry,
myv,33,2018-03-24,12:40,3.00,51.0,4.7,135.2,17.4,NA,NA,NA,NA,NA,NA,Harry,
mvy,1,2018-03-24,17:15,0.00,335.0,NA,NA,NA,NA,NA,NA,NA,NA,NA,Harry,
mvy,1,2018-03-24,17:15,0.50,55.0,0.7,85.9,12.31,NA,NA,NA,NA,NA,NA,Harry,
mvy,1,2018-03-24,17:15,1.00,53.0,2.8,96.6,13.08,NA,NA,NA,NA,NA,NA,Harry,
mvy,1,2018-03-24,17:15,1.50,48.0,4.1,103.5,13.53,NA,NA,NA,NA,NA,NA,Harry,
mvy,1,2018-03-24,17:15,2.00,40.0,4.5,99,12.8,NA,NA,NA,NA,NA,NA,Harry,
mvy,1,2018-03-24,17:15,2.50,30.0,4.9,2.4,0.36,NA,NA,NA,NA,NA,NA,Harry,
myv,33,2018-03-25,12:45,0.00,NA,NA,NA,NA,NA,NA,NA,NA,NA,NA,Hermione,
myv,33,2018-03-25,12:45,0.50,NA,NA,NA,NA,NA,NA,NA,NA,NA,NA,Hermione,
myv,33,2018-03-25,12:45,1.00,NA,2.2,95.9,13.18,9.03,NA,NA,NA,NA,NA,Hermione,
myv,33,2018-03-25,12:45,1.50,NA,3.4,101.4,13.5,9.06,NA,NA,NA,NA,NA,Hermione,
myv,33,2018-03-25,12:45,2.00,NA,3.8,102.8,13.52,9.15,NA,NA,NA,NA,NA,Hermione,
myv,33,2018-03-25,12:45,2.50,NA,4.3,105.2,13.69,9.29,NA,NA,NA,NA,NA,Hermione,
myv,33,2018-03-25,12:45,3.00,NA,4.4,125.8,16.33,9.15,NA,NA,NA,NA,NA,Hermione,
myv,33,2018-03-25,12:45,3.50,NA,4.5,129.1,16.71,8.3,NA,NA,NA,NA,NA,Hermione,
myv,1,2018-03-25,14:00,0.00,NA,NA,NA,NA,NA,NA,NA,NA,NA,NA,Hermione,
myv,1,2018-03-25,14:00,0.50,NA,1.0,91.7,13.04,8.45,NA,NA,NA,NA,NA,Hermione,
myv,1,2018-03-25,14:00,1.00,NA,3.0,100.5,13.55,8.68,NA,NA,NA,NA,NA,Hermione,
myv,1,2018-03-25,14:00,1.50,NA,4.0,103.5,13.6,8.85,NA,NA,NA,NA,NA,Hermione,
myv,1,2018-03-25,14:00,2.00,NA,4.4,86.1,11.07,8.61,NA,NA,NA,NA,NA,Hermione,
myv,1,2018-03-25,14:00,2.50,NA,4.8,11,2,6.92,NA,NA,NA,NA,NA,Hermione,
myv,1,2018-03-25,14:00,2.80,NA,5.2,0,0,6.72,NA,NA,NA,NA,NA,Hermione,
myv,33,2018-03-27,13:30,0.00,NA,NA,NA,NA,NA,NA,NA,NA,NA,NA,Harry,
myv,33,2018-03-27,13:30,0.50,NA,2.2,92.7,12.75,NA,NA,NA,NA,NA,NA,Harry,
myv,33,2018-03-27,13:30,1.00,NA,2.3,96.1,13.19,NA,NA,NA,NA,NA,NA,Harry,
myv,33,2018-03-27,13:30,1.50,NA,3.1,94.8,12.73,NA,NA,NA,NA,NA,NA,Harry,
myv,33,2018-03-27,13:30,2.00,NA,4.3,98.7,12.84,NA,NA,NA,NA,NA,NA,Harry,
myv,33,2018-03-27,13:30,2.50,NA,4.6,109.1,14.09,NA,NA,NA,NA,NA,NA,Harry,
myv,33,2018-03-27,13:30,3.00,NA,4.7,142.5,18.34,NA,NA,NA,NA,NA,NA,Harry,
myv,1,2018-03-27,14:30,0.00,NA,NA,NA,NA,NA,NA,NA,NA,NA,NA,Harry,
myv,1,2018-03-27,14:30,0.50,NA,0.9,91.7,13.07,NA,NA,NA,NA,NA,NA,Harry,
myv,1,2018-03-27,14:30,1.00,NA,1.9,99.8,13.84,NA,NA,NA,NA,NA,NA,Harry,
myv,1,2018-03-27,14:30,1.50,NA,4.1,103.5,13.54,NA,NA,NA,NA,NA,NA,Harry,
myv,1,2018-03-27,14:30,2.00,NA,4.3,107.5,14,NA,NA,NA,NA,NA,NA,Harry,
myv,1,2018-03-27,14:30,2.50,NA,5.4,2.8,0.35,NA,NA,NA,NA,NA,NA,Harry,
myv,1,2018-03-27,14:30,2.70,NA,5.6,1,0.12,NA,NA,NA,NA,NA,NA,bottom,
myv,1,2018-04-06,14:00,0.50,NA,0.4,100.3,14.58,NA,NA,NA,740.3,405863,7274325,GPS:0405863/7274325,
myv,1,2018-04-06,14:00,1.00,NA,1.0,97,13.58,NA,NA,NA,740.3,405863,7274325,Harry,
myv,1,2018-04-06,14:00,1.50,NA,2.5,86.2,11.72,NA,NA,NA,740.3,405863,7274325,Harry,
myv,1,2018-04-06,14:00,1.60,NA,3.0,89.3,12,NA,NA,NA,740.3,405863,7274325,Harry,
myv,1,2018-04-06,14:00,1.70,NA,3.4,97.4,12.97,NA,NA,NA,740.3,405863,7274325,Harry,
myv,1,2018-04-06,14:00,1.80,NA,3.6,99.6,13.2,NA,NA,NA,740.3,405863,7274325,Harry,
myv,1,2018-04-06,14:00,1.90,NA,3.7,94.1,12.37,NA,NA,NA,740.3,405863,7274325,Harry,
myv,1,2018-04-06,14:00,2.00,NA,4.1,76.6,10.02,NA,NA,NA,740.3,405863,7274325,Harry,
myv,1,2018-04-06,14:00,2.10,NA,4.2,70.4,9.18,NA,NA,NA,740.3,405863,7274325,Harry,
myv,1,2018-04-06,14:00,2.20,NA,4.3,68.3,8.86,NA,NA,NA,740.3,405863,7274325,Harry,
myv,1,2018-04-06,14:00,2.30,NA,4.4,68.3,8.86,NA,NA,NA,740.3,405863,7274325,Harry,
myv,1,2018-04-06,14:00,2.40,NA,4.6,66.9,8.63,NA,NA,NA,740.3,405863,7274325,Harry,
myv,1,2018-04-06,14:00,2.50,NA,4.7,50.2,6.46,NA,NA,NA,740.3,405863,7274325,Harry,
myv,1,2018-04-06,14:00,2.60,NA,4.7,47.3,6.09,NA,NA,NA,740.3,405863,7274325,Harry,
myv,1,2018-04-06,14:00,2.70,NA,4.8,25.5,3.26,NA,NA,NA,740.3,405863,7274325,Harry,
myv,1,2018-04-06,14:00,2.80,NA,4.6,49.6,6.38,NA,NA,NA,740.3,405863,7274325,bottom,
myv,1,2018-04-07,14:45,0.50,NA,2.2,100.9,NA,NA,NA,NA,740.9,405936,7274511,GPS: 0405936/7274511,
myv,1,2018-04-07,14:45,1.00,NA,1.5,100.4,NA,NA,NA,NA,740.9,405936,7274511,Harry,
myv,1,2018-04-07,14:45,1.50,NA,2.2,93.8,NA,NA,NA,NA,740.9,405936,7274511,Harry,
myv,1,2018-04-07,14:45,1.60,NA,2.5,97.1,NA,NA,NA,NA,740.9,405936,7274511,Harry,
myv,1,2018-04-07,14:45,1.70,NA,3.2,99.5,NA,NA,NA,NA,740.9,405936,7274511,Harry,
myv,1,2018-04-07,14:45,1.80,NA,3.2,100.8,NA,NA,NA,NA,740.9,405936,7274511,Harry,
myv,1,2018-04-07,14:45,1.90,NA,3.5,100,NA,NA,NA,NA,740.9,405936,7274511,Harry,
myv,1,2018-04-07,14:45,2.00,NA,3.8,101.4,NA,NA,NA,NA,740.9,405936,7274511,Harry,
myv,1,2018-04-07,14:45,2.10,NA,4.0,103.4,NA,NA,NA,NA,740.9,405936,7274511,Harry,
myv,1,2018-04-07,14:45,2.20,NA,4.2,99,NA,NA,NA,NA,740.9,405936,7274511,Harry,
myv,1,2018-04-07,14:45,2.30,NA,4.7,94.6,NA,NA,NA,NA,740.9,405936,7274511,Harry,
myv,1,2018-04-07,14:45,2.40,NA,4.8,93.5,NA,NA,NA,NA,740.9,405936,7274511,Harry,
myv,1,2018-04-07,14:45,2.50,NA,5.0,79.9,NA,NA,NA,NA,740.9,405936,7274511,Harry,
myv,1,2018-04-07,14:45,2.60,NA,5.2,62.1,NA,NA,NA,NA,740.9,405936,7274511,Harry,
myv,1,2018-04-07,14:45,2.70,NA,5.4,45.1,NA,NA,NA,NA,740.9,405936,7274511,Harry,
myv,1,2018-04-07,14:45,2.80,NA,5.6,43.8,NA,NA,NA,NA,740.9,405936,7274511,bottom,
myv,33,2018-06-04,12:20,0.00,750,14.1,109.2,11.02,9.17,1.8,2.1,746.1,NA,NA,Harry,AM: changed to 750 on 15may2020; confirmed with datasheet; used to be 950
myv,33,2018-06-04,12:20,0.50,600,13.9,109.2,11.05,9.26,1.8,2.1,746.1,NA,NA,Harry,
myv,33,2018-06-04,12:20,1.00,540,13.6,109,11.1,9.23,1.8,2.1,746.1,NA,NA,Harry,
myv,33,2018-06-04,12:20,1.50,360,13.3,109.1,11.22,9.22,1.8,2.1,746.1,NA,NA,Harry,
myv,33,2018-06-04,12:20,2.00,260,13.2,113.1,11.66,9.22,1.8,2.1,746.1,NA,NA,Harry,
myv,33,2018-06-04,12:20,2.50,NA,13.2,113.8,11.72,9.22,1.8,2.1,746.1,NA,NA,Harry,
myv,33,2018-06-04,12:20,3.00,NA,13.2,113.8,11.72,9.21,1.8,2.1,746.1,NA,NA,Harry,
myv,33,2018-05-21,12:00,0.00,125,6.7,94.9,11.28,NA,NA,NA,738.6,NA,NA,Harry,
myv,33,2018-05-21,12:00,0.50,55,6.6,94.7,11.28,NA,NA,NA,738.6,NA,NA,Harry,
myv,33,2018-05-21,12:00,1.00,22,6.4,94.2,11.28,NA,NA,NA,738.6,NA,NA,Harry,
myv,33,2018-05-21,12:00,1.50,8,6.3,93.6,11.24,NA,NA,NA,738.6,NA,NA,Harry,
myv,33,2018-05-21,12:00,2.00,3.5,6.2,93.4,11.24,NA,NA,NA,738.6,NA,NA,Harry,
myv,33,2018-05-21,12:00,2.50,1.8,6.1,93.1,11.23,NA,NA,NA,738.6,NA,NA,Harry,
myv,33,2018-05-21,12:00,3.00,0.9,5.9,88.2,10.7,NA,NA,NA,738.6,NA,NA,Harry,
myv,33,2018-05-29,11:30,0.00,320,8.9,108,12.25,8.28,1.1,1.4,744.4,NA,NA,Harry,
myv,33,2018-05-29,11:30,0.50,260,8.9,108,12.26,8.32,1.1,1.4,744.4,NA,NA,Harry,
myv,33,2018-05-29,11:30,1.00,185,8.9,108.1,12.28,8.31,1.1,1.4,744.4,NA,NA,Harry,
myv,33,2018-05-29,11:30,1.50,137,8.9,108.2,12.29,8.44,1.1,1.4,744.4,NA,NA,Harry,
myv,33,2018-05-29,11:30,2.00,105,8.8,108.3,12.29,8.37,1.1,1.4,744.4,NA,NA,Harry,
myv,33,2018-05-29,11:30,2.50,84,8.8,108.5,12.33,8.43,1.1,1.4,744.4,NA,NA,Harry,
myv,33,2018-05-29,11:30,3.00,66,8.8,108.6,12.35,8.47,1.1,1.4,744.4,NA,NA,Harry,
myv,33,2018-06-11,11:25,0.00,290,15.0,111,10.88,9.49,2.2,2.8,738.7,NA,NA,Hermione,
myv,33,2018-06-11,11:25,0.50,210,15.1,110.9,10.85,9.42,2.2,2.8,738.7,NA,NA,Hermione,
myv,33,2018-06-11,11:25,1.00,170,15.1,110.8,10.84,9.39,2.2,2.8,738.7,NA,NA,Hermione,
myv,33,2018-06-11,11:25,1.50,130,15.1,110.8,10.83,9.38,2.2,2.8,738.7,NA,NA,Hermione,
myv,33,2018-06-11,11:25,2.00,115,15.1,110.6,10.82,9.36,2.2,2.8,738.7,NA,NA,Hermione,
myv,33,2018-06-11,11:25,2.50,103,15.1,110.6,10.82,9.41,2.2,2.8,738.7,NA,NA,Hermione,
myv,33,2018-06-11,11:25,3.00,87,15.1,110.5,10.81,9.38,2.2,2.8,738.7,NA,NA,Hermione,
myv,33,2018-06-23,7:15,0.00,520,11.7,109.4,11.51,9.61,2.6,2.8,735.2,NA,NA,Harry,
myv,33,2018-06-23,7:15,0.50,440,11.6,109.7,11.56,9.59,2.6,2.8,735.2,NA,NA,Harry,
myv,33,2018-06-23,7:15,1.00,310,11.6,109.8,11.57,9.75,2.6,2.8,735.2,NA,NA,Harry,
myv,33,2018-06-23,7:15,1.50,260,11.6,109.6,11.55,9.54,2.6,2.8,735.2,NA,NA,Harry,
myv,33,2018-06-23,7:15,2.00,202,11.6,109.1,11.52,9.59,2.6,2.8,735.2,NA,NA,Harry,
myv,33,2018-06-23,7:15,2.50,148,11.5,109.1,11.55,9.57,2.6,2.8,735.2,NA,NA,Harry,
myv,33,2018-06-23,7:15,3.00,118,11.5,110,11.67,9.57,2.6,2.8,735.2,NA,NA,Harry,
myv,33,2018-07-01,11:15,0.00,470,12.7,105.7,10.92,9.44,2.8,3.4,739.4,NA,NA,Hermoine,
myv,33,2018-07-01,11:15,0.50,350,12.6,105.9,10.96,9.45,2.8,3.4,739.4,NA,NA,Hermoine,
myv,33,2018-07-01,11:15,1.00,250,12.6,105.9,10.96,9.43,2.8,3.4,739.4,NA,NA,Hermoine,
myv,33,2018-07-01,11:15,1.50,195,12.5,106,11,9.45,2.8,3.4,739.4,NA,NA,Hermoine,
myv,33,2018-07-01,11:15,2.00,160,12.5,106.5,11.05,9.48,2.8,3.4,739.4,NA,NA,Hermoine,
myv,33,2018-07-01,11:15,2.50,155,12.5,106.6,11.06,9.47,2.8,3.4,739.4,NA,NA,Hermoine,
myv,33,2018-07-01,11:15,3.00,120,12.5,107.2,11.12,9.47,2.8,3.4,739.4,NA,NA,Hermoine,
myv,33,2018-07-12,13:19,0.00,280,12.1,103.2,10.82,8.73,0.9,1.1,738.8,NA,NA,Harry,
myv,33,2018-07-12,13:19,0.50,180,12.0,103.3,10.82,8.84,0.9,1.1,738.8,NA,NA,Harry,
myv,33,2018-07-12,13:19,1.00,120,11.9,103.4,10.86,8.8,0.9,1.1,738.8,NA,NA,Harry,
myv,33,2018-07-12,13:19,1.50,75,11.9,103.4,10.86,8.81,0.9,1.1,738.8,NA,NA,Harry,
myv,33,2018-07-12,13:19,2.00,56,11.9,103.3,10.85,8.82,0.9,1.1,738.8,NA,NA,Harry,
myv,33,2018-07-12,13:19,2.50,37,11.9,103.2,10.84,8.89,0.9,1.1,738.8,NA,NA,Harry,
myv,33,2018-07-12,13:19,3.00,25,11.7,104.1,10.98,8.84,0.9,1.1,738.8,NA,NA,Harry,
myv,33,2018-07-20,10:05,0.00,126,13.4,117.2,11.84,8.99,1.5,1.57,735.5,NA,NA,Harry,AM: changed to 126 on 15may2020; confirmed with datasheet; used to be 12.6
myv,33,2018-07-20,10:05,0.50,92,13.4,117.3,11.85,9.18,1.5,1.57,735.5,NA,NA,Harry,
myv,33,2018-07-20,10:05,1.00,76,13.4,117.3,11.88,9.25,1.5,1.57,735.5,NA,NA,Harry,
myv,33,2018-07-20,10:05,1.50,73,13.3,118.4,11.99,9.2,1.5,1.57,735.5,NA,NA,Harry,
myv,33,2018-07-20,10:05,2.00,56,13.3,118.6,12.01,9.22,1.5,1.57,735.5,NA,NA,Harry,
myv,33,2018-07-20,10:05,2.50,43.2,13.3,118.8,12.03,9.19,1.5,1.57,735.5,NA,NA,Harry,
myv,33,2018-07-20,10:05,3.00,32.3,13.3,118.8,12.04,9.22,1.5,1.57,735.5,NA,NA,Harry,
myv,33,2018-07-28,9:40,0.00,145,13.7,129.9,13.03,9.72,1.26,1.5,734.6,NA,NA,Hermione,
myv,33,2018-07-28,9:40,0.50,190,13.7,130.4,13.07,9.73,1.26,1.5,734.6,NA,NA,Hermione,
myv,33,2018-07-28,9:40,1.00,47,13.6,129.8,13.04,9.7,1.26,1.5,734.6,NA,NA,Hermione,
myv,33,2018-07-28,9:40,1.50,29,13.6,129,12.96,9.52,1.26,1.5,734.6,NA,NA,Hermione,
myv,33,2018-07-28,9:40,2.00,19,13.6,127.4,12.79,9.52,1.26,1.5,734.6,NA,NA,Hermione,
myv,33,2018-07-28,9:40,2.50,14,13.5,125,12.58,9.53,1.26,1.5,734.6,NA,NA,Hermione,
myv,33,2018-07-28,9:40,3.00,10,13.5,122.2,12.29,9.53,1.26,1.5,734.6,NA,NA,Hermione,
myv,33,2018-08-11,10:53,0.00,500,12.3,121.5,12.6,9.67,0.95,1.1,737.8,NA,NA,Harry,
myv,33,2018-08-11,10:53,0.50,299,11.0,116.18,12.5,9.66,0.95,1.1,737.8,NA,NA,Harry,
myv,33,2018-08-11,10:53,1.00,140,10.7,115.7,12.46,9.43,0.95,1.1,737.8,NA,NA,Harry,
myv,33,2018-08-11,10:53,1.50,80,10.6,113.9,12.31,9.4,0.95,1.1,737.8,NA,NA,Harry,
myv,33,2018-08-11,10:53,2.00,50,10.6,110.2,11.91,9.36,0.95,1.1,737.8,NA,NA,Harry,
myv,33,2018-08-11,10:53,2.50,41,10.6,109.4,11.81,9.59,0.95,1.1,737.8,NA,NA,Harry,
myv,33,2018-08-11,10:53,3.00,20,10.6,109.1,11.78,9.62,0.95,1.1,737.8,NA,NA,Harry,
myv,33,2018-08-17,10:41,0.00,230,11.9,101.9,10.51,9.42,0.68,0.8,725.5,NA,NA,Harry,
myv,33,2018-08-17,10:41,0.50,85,11.8,102,10.55,9.44,0.68,0.8,725.5,NA,NA,Harry,
myv,33,2018-08-17,10:41,1.00,32,11.8,101.8,10.52,9.4,0.68,0.8,725.5,NA,NA,Harry,
myv,33,2018-08-17,10:41,1.50,14,11.8,101.5,10.49,9.44,0.68,0.8,725.5,NA,NA,Harry,
myv,33,2018-08-17,10:41,2.00,9,11.8,100.6,10.4,9.42,0.68,0.8,725.5,NA,NA,Harry,
myv,33,2018-08-17,10:41,2.50,4,11.6,96.3,10,9.45,0.68,0.8,725.5,NA,NA,Harry,
myv,33,2018-08-17,10:41,3.00,3,11.6,96.1,9.98,9.4,0.68,0.8,725.5,NA,NA,Harry,
myv,1,2019-03-17,18:00,0.50,282,0.6,95,13.1,NA,NA,NA,729.5,NA,NA,Harry had dried out and was only hydrated for 2h,
myv,1,2019-03-17,18:00,1.00,248,0.9,90.7,12.3,NA,NA,NA,729.5,NA,NA,Harry had dried out and was only hydrated for 2h,
myv,1,2019-03-17,18:00,1.50,213,2.2,90.2,11.87,NA,NA,NA,729.5,NA,NA,Harry had dried out and was only hydrated for 2h,
myv,1,2019-03-17,18:00,2.00,175,3.1,76.3,9.75,NA,NA,NA,729.5,NA,NA,Harry had dried out and was only hydrated for 2h,
myv,1,2019-03-17,18:00,2.50,114,3.6,18.6,2.36,NA,NA,NA,729.5,NA,NA,Harry had dried out and was only hydrated for 2h,
myv,33,2019-03-18,15:00,0.50,NA,1.7,87.8,11.72,NA,NA,NA,725,NA,NA,hydrated Harry for 24h,
myv,33,2019-03-18,15:00,1.00,NA,1.4,86.5,11.6,NA,NA,NA,725,NA,NA,hydrated Harry for 24h,
myv,33,2019-03-18,15:00,1.50,NA,1.7,87.6,11.63,NA,NA,NA,725,NA,NA,hydrated Harry for 24h,
myv,33,2019-03-18,15:00,2.00,NA,2.2,87.7,11.4,NA,NA,NA,725,NA,NA,hydrated Harry for 24h,
myv,33,2019-03-18,15:00,2.50,NA,3.4,72.4,9.19,NA,NA,NA,725,NA,NA,hydrated Harry for 24h,
myv,33,2019-03-18,15:00,3.00,NA,4.3,119,14.77,NA,NA,NA,725,NA,NA,hydrated Harry for 24h,
myv,5,2019-03-20,14:00,0.50,NA,1.4,94.0,12.61,NA,NA,NA,723.4,NA,NA,,
myv,5,2019-03-20,14:00,1.00,NA,1.2,94.5,12.72,NA,NA,NA,723.4,NA,NA,,
myv,5,2019-03-20,14:00,1.50,NA,1.3,96.3,12.94,NA,NA,NA,723.4,NA,NA,,
myv,5,2019-03-20,14:00,2.00,NA,1.4,97.5,13.05,NA,NA,NA,723.4,NA,NA,,
myv,5,2019-03-20,14:00,2.50,NA,1.4,97.8,13.09,NA,NA,NA,723.4,NA,NA,,
myv,1,2019-05-17,11:20,0.00,1200,9.5,117.2,13.05,9.09,2,2.2,741,405945,7274515,"Harry, 0405945, 7274515",
myv,1,2019-05-17,11:20,0.5,1000,9.3,117.4,13.14,8.92,2,2.2,741,405945,7274515,"Harry, 0405945, 7274515",
myv,1,2019-05-17,11:20,1,800,8.8,116.9,13.21,8.83,2,2.2,741,405945,7274515,"Harry, 0405945, 7274515",
myv,1,2019-05-17,11:20,1.5,700,8.6,118.7,13.51,8.79,2,2.2,741,405945,7274515,"Harry, 0405945, 7274515",
myv,1,2019-05-17,11:20,2,580,8.5,119.1,13.58,8.78,2,2.2,741,405945,7274515,"Harry, 0405945, 7274515",
myv,1,2019-05-17,11:20,2.5,460,8.5,118.8,13.56,8.79,2,2.2,741,405945,7274515,"Harry, 0405945, 7274515",
myv,2,2019-05-17,12:46,0,1300,9.7,120.2,13.31,9.14,1.85,2.05,741,406276,7278009,"Harry, 0406276, 7278009",
myv,2,2019-05-17,12:46,0.5,1050,9.6,119.8,13.35,9,1.85,2.05,741,406276,7278009,"Harry, 0406276, 7278009",
myv,2,2019-05-17,12:46,1,1000,8.9,122,13.77,8.89,1.85,2.05,741,406276,7278009,"Harry, 0406276, 7278009",
myv,2,2019-05-17,12:46,1.5,820,8.8,121.8,13.8,8.9,1.85,2.05,741,406276,7278009,"Harry, 0406276, 7278009",
myv,2,2019-05-17,12:46,2,660,8.8,123.4,13.97,8.92,1.85,2.05,741,406276,7278009,"Harry, 0406276, 7278009",
myv,2,2019-05-17,12:46,2.5,485,8.8,123.7,14,8.95,1.85,2.05,741,406276,7278009,"Harry, 0406276, 7278009",
myv,33,2019-05-17,13:05,0,1150,9.8,120.8,13.28,9.19,2.6,2.8,741,4057635,7276128,"Harry, 04057635, 7276128",
myv,33,2019-05-17,13:05,0.5,1030,9.5,119.7,13.31,9,2.6,2.8,741,4057635,7276128,"Harry, 04057635, 7276128",
myv,33,2019-05-17,13:05,1,850,9.4,119.5,13.31,8.93,2.6,2.8,741,4057635,7276128,"Harry, 04057635, 7276128",
myv,33,2019-05-17,13:05,1.5,710,9.3,119.4,13.34,8.89,2.6,2.8,741,4057635,7276128,"Harry, 04057635, 7276128",
myv,33,2019-05-17,13:05,2,550,9,120.5,13.52,8.89,2.6,2.8,741,4057635,7276128,"Harry, 04057635, 7276128",
myv,33,2019-05-17,13:05,2.5,480,9,121.6,13.68,8.89,2.6,2.8,741,4057635,7276128,"Harry, 04057635, 7276128",
myv,33,2019-05-17,13:05,3,405,8.9,121.7,13.69,8.92,2.6,2.8,741,4057635,7276128,"Harry, 04057635, 7276128",
myv,4,2019-05-17,14:05,0,1100,11.6,122.6,12.99,9.07,2.15,2.3,741,407649,7278586,"Harry, 0407649, 7278586 Actual 150 due W of E4. Forgot to take sedimetnts used 1/3 of DG sediments",
myv,4,2019-05-17,14:05,0.5,1000,11.3,122.2,13.08,8.97,2.15,2.3,741,407649,7278586,"Harry, 0407649, 7278586 Actual 150 due W of E4. Forgot to take sedimetnts used 1/3 of DG sediments",
myv,4,2019-05-17,14:05,1,980,10.8,122.3,13.23,8.85,2.15,2.3,741,407649,7278586,"Harry, 0407649, 7278586 Actual 150 due W of E4. Forgot to take sedimetnts used 1/3 of DG sediments",
myv,4,2019-05-17,14:05,1.5,720,9.6,130.1,14.44,8.85,2.15,2.3,741,407649,7278586,"Harry, 0407649, 7278586 Actual 150 due W of E4. Forgot to take sedimetnts used 1/3 of DG sediments",
myv,4,2019-05-17,14:05,2,540,9.6,130.1,14.44,8.89,2.15,2.3,741,407649,7278586,"Harry, 0407649, 7278586 Actual 150 due W of E4. Forgot to take sedimetnts used 1/3 of DG sediments",
myv,4,2019-05-17,14:05,2.5,470,9.6,130.9,14.53,8.91,2.15,2.3,741,407649,7278586,"Harry, 0407649, 7278586 Actual 150 due W of E4. Forgot to take sedimetnts used 1/3 of DG sediments",
myv,5,2019-05-17,16:24,0,990,11.1,118.6,12.69,9.08,2.45,INF,741,409775,7276396,"Harry, 0409775, 7276396",
myv,5,2019-05-17,16:24,0.5,830,11,118.5,12.71,9.15,2.45,INF,741,409775,7276396,"Harry, 0409775, 7276396",
myv,5,2019-05-17,16:24,1,600,10.6,118.2,12.81,8.89,2.45,INF,741,409775,7276396,"Harry, 0409775, 7276396",
myv,5,2019-05-17,16:24,1.5,530,10.4,125.2,13.61,8.81,2.45,INF,741,409775,7276396,"Harry, 0409775, 7276396",
myv,5,2019-05-17,16:24,2,440,10.4,125.9,13.69,8.84,2.45,INF,741,409775,7276396,"Harry, 0409775, 7276396",
myv,6,2019-05-17,17:35,0,750,11.1,118.7,12.71,9.15,INF,INF,741,40895,7274409,"Harry, Lots of macrophytes made it difficult to core",
myv,6,2019-05-17,17:35,0.5,560,11.1,118.7,12.7,8.99,INF,INF,741,40895,7274409,"Harry, Lots of macrophytes made it difficult to core",
myv,6,2019-05-17,17:35,1,510,11,118.7,12.73,8.82,INF,INF,741,40895,7274409,"Harry, Lots of macrophytes made it difficult to core",
myv,6,2019-05-17,17:35,1.5,470,10.7,123.1,13.3,8.83,INF,INF,741,40895,7274409,"Harry, Lots of macrophytes made it difficult to core",
myv,6,2019-05-17,17:35,2,440,10.7,124.1,13.4,8.7,INF,INF,741,40895,7274409,"Harry, Lots of macrophytes made it difficult to core",
myv,6,2019-05-17,17:35,2.5,200,10.7,127.1,13.72,8.9,INF,INF,741,40895,7274409,"Harry, Lots of macrophytes made it difficult to core",
myv,33,2019-05-31,12:45,0,1595,7.7,106.2,12.39,7.6,2.84,3.06,742.1,NA,NA,Hermione,
myv,33,2019-05-31,12:45,0.5,1233,7.7,106.7,12.43,7.66,2.84,3.06,742.1,NA,NA,Hermione,
myv,33,2019-05-31,12:45,1,1199,7.7,106.9,12.45,7.62,2.84,3.06,742.1,NA,NA,Hermione,
myv,33,2019-05-31,12:45,1.5,1045,7.6,107.1,12.51,7.62,2.84,3.06,742.1,NA,NA,Hermione,
myv,33,2019-05-31,12:45,2,690,7.6,107.2,12.51,7.76,2.84,3.06,742.1,NA,NA,Hermione,
myv,33,2019-05-31,12:45,2.5,653,7.6,107.3,12.53,7.86,2.84,3.06,742.1,NA,NA,Hermione,
myv,33,2019-05-31,12:45,3,410,7.6,107.4,12.55,7.96,2.84,3.06,742.1,NA,NA,Hermione,
myv,33,2019-06-10,12:10,0,NA,13.9,94.8,9.68,9.47,3,INF,749.4,NA,NA,Hermione; Light meter not functional,
myv,33,2019-06-10,12:10,0.5,NA,8.9,109.3,12.49,9.35,3,INF,749.4,NA,NA,Hermione; Light meter not functional,
myv,33,2019-06-10,12:10,1,NA,8.4,110.1,12.76,9.25,3,INF,749.4,NA,NA,Hermione; Light meter not functional,
myv,33,2019-06-10,12:10,1.5,NA,8,110.6,12.92,9.2,3,INF,749.4,NA,NA,Hermione; Light meter not functional,
myv,33,2019-06-10,12:10,2,NA,8,110.6,12.95,9.23,3,INF,749.4,NA,NA,Hermione; Light meter not functional,
myv,33,2019-06-10,12:10,2.5,NA,8,111.2,12.97,9.25,3,INF,749.4,NA,NA,Hermione; Light meter not functional,
myv,33,2019-06-10,12:10,3,NA,7.9,110.8,12.96,9.27,3,INF,749.4,NA,NA,Hermione; Light meter not functional,
myv,33,2019-06-16,11:30,0,1300,13.2,17.6,11.99,9.67,3.1,INF,738.5,NA,NA,Harry,
myv,33,2019-06-16,11:30,0.5,1200,13.1,117.4,12.01,9.45,3.1,INF,738.5,NA,NA,Harry,
myv,33,2019-06-16,11:30,1,950,12.7,117.3,12.11,9.35,3.1,INF,738.5,NA,NA,Harry,
myv,33,2019-06-16,11:30,1.5,NA,12.4,118.4,12.3,9.35,3.1,INF,738.5,NA,NA,Harry; L:ight meter stopped working,
myv,33,2019-06-16,11:30,2,NA,12.3,119.2,12.41,9.38,3.1,INF,738.5,NA,NA,Harry; L:ight meter stopped working,
myv,33,2019-06-16,11:30,2.5,NA,12.3,119.4,12.44,9.4,3.1,INF,738.5,NA,NA,Harry; L:ight meter stopped working,
myv,33,2019-06-16,11:30,3,NA,12.3,119.7,12.47,9.41,3.1,INF,738.5,NA,NA,Harry; L:ight meter stopped working,
myv,33,2019-06-22,11:50,0,610,10.1,113.8,12.48,9.69,INF,INF,739.5,NA,NA,Harry,
myv,33,2019-06-22,11:50,0.5,NA,10,114.1,12.54,9.46,INF,INF,739.5,NA,NA,Harry; L:ight meter stopped working,
myv,33,2019-06-22,11:50,1,NA,10,114.3,12.55,9.51,INF,INF,739.5,NA,NA,Harry; L:ight meter stopped working,
myv,33,2019-06-22,11:50,1.5,NA,10,114.2,12.54,9.42,INF,INF,739.5,NA,NA,Harry; L:ight meter stopped working,
myv,33,2019-06-22,11:50,2,NA,10,114.2,12.54,9.47,INF,INF,739.5,NA,NA,Harry; L:ight meter stopped working,
myv,33,2019-06-22,11:50,2.5,NA,9.8,114.8,12.65,9.35,INF,INF,739.5,NA,NA,Harry; L:ight meter stopped working,
myv,33,2019-06-22,11:50,3,NA,9.8,115.5,12.75,9.37,INF,INF,739.5,NA,NA,Harry; L:ight meter stopped working,
myv,33,2019-07-03,10:15,0,NA,11.8,100.2,10.59,NA,NA,3,NA,NA,NA,Harry; mmHg and secchi up not taken. Other boat had pH and light meter.,
myv,33,2019-07-03,10:15,0.5,NA,11.7,100.2,10.61,NA,NA,3,NA,NA,NA,Harry; mmHg and secchi up not taken. Other boat had pH and light meter.,
myv,33,2019-07-03,10:15,1,NA,11.6,99.9,10.61,NA,NA,3,NA,NA,NA,Harry; mmHg and secchi up not taken. Other boat had pH and light meter.,
myv,33,2019-07-03,10:15,1.5,NA,11.2,100.2,10.61,NA,NA,3,NA,NA,NA,Harry; mmHg and secchi up not taken. Other boat had pH and light meter.,
myv,33,2019-07-03,10:15,2,NA,11.1,100.8,10.83,NA,NA,3,NA,NA,NA,Harry; mmHg and secchi up not taken. Other boat had pH and light meter.,
myv,33,2019-07-03,10:15,2.5,NA,11.1,101.2,10.87,NA,NA,3,NA,NA,NA,Harry; mmHg and secchi up not taken. Other boat had pH and light meter.,
myv,33,2019-07-03,10:15,3,NA,11,101.5,10.93,NA,NA,3,NA,NA,NA,Harry; mmHg and secchi up not taken. Other boat had pH and light meter.,
myv,33*,2019-07-19,11:45,0,162.9,13.8,99.2,9.9,9.84,INF,INF,NA,NA,NA,Harry; Probably too far from station 33. max depth 1.6 m.,
myv,33*,2019-07-19,11:45,0.5,110.2,13.9,98.9,9.86,9.32,INF,INF,NA,NA,NA,Harry; Probably too far from station 33. max depth 1.6 m.,
myv,33*,2019-07-19,11:45,1,72.05,13.9,98.8,9.84,9.17,INF,INF,NA,NA,NA,Harry; Probably too far from station 33. max depth 1.6 m.,
myv,33*,2019-07-19,11:45,1.5,57.09,13.9,98.7,9.84,9.05,INF,INF,NA,NA,NA,Harry; Probably too far from station 33. max depth 1.6 m.,
myv,33*,2019-07-19,11:45,2,NA,NA,NA,NA,NA,INF,INF,NA,NA,NA,Harry; Probably too far from station 33. max depth 1.6 m.,
myv,33*,2019-07-19,11:45,2.5,NA,NA,NA,NA,NA,INF,INF,NA,NA,NA,Harry; Probably too far from station 33. max depth 1.6 m.,
myv,33*,2019-07-19,11:45,3,NA,NA,NA,NA,NA,INF,INF,NA,NA,NA,Harry; Probably too far from station 33. max depth 1.6 m.,
myv,33,2019-08-01,11:37,0,667.5,14.9,113.6,11.26,9.25,NA,1.73,744.7,NA,NA,Hermione,
myv,33,2019-08-01,11:37,0.5,557.4,14.7,114.5,11.39,9.35,NA,1.73,744.7,NA,NA,Hermione,
myv,33,2019-08-01,11:37,1,350.5,14.6,114.9,11.45,9.44,NA,1.73,744.7,NA,NA,Hermione,
myv,33,2019-08-01,11:37,1.5,264.4,14.4,115.1,11.53,9.52,NA,1.73,744.7,NA,NA,Hermione,
myv,33,2019-08-01,11:37,2,180,14.1,116.8,11.81,9.44,NA,1.73,744.7,NA,NA,Hermione,
myv,33,2019-08-01,11:37,2.5,142.8,14.1,119.9,12.08,9.41,NA,1.73,744.7,NA,NA,Hermione,
myv,33,2019-08-01,11:37,3,0.275,14.1,120.4,12.13,9.63,NA,1.73,744.7,NA,NA,Hermione,
myv,1,2019-08-20,NA,0,643.1,8,111.5,12.8,NA,1.3,1.87,736.7,0405952,7274505,Hermione,
myv,1,2019-08-20,NA,0.5,340.8,7.9,111.8,12.87,NA,1.3,1.87,736.7,0405953,7274506,Hermione,
myv,1,2019-08-20,NA,1,296.8,7.9,112.3,12.93,NA,1.3,1.87,736.7,0405954,7274507,Hermione,
myv,1,2019-08-20,NA,1.5,190,7.8,114.4,13.19,NA,1.3,1.87,736.7,0405955,7274508,Hermione,
myv,1,2019-08-20,NA,2,188.4,7.8,115,13.26,NA,1.3,1.87,736.7,0405956,7274509,Hermione,
myv,33,2019-08-20,NA,0,670,8.7,109.4,12.36,9.25,1.4,1.8,736.7,0407662,7276046,Hermione,
myv,33,2019-08-20,NA,0.5,470,8.5,108.6,12.34,9,1.4,1.8,736.7,0407662,7276046,Hermione,
myv,33,2019-08-20,NA,1,380,8.1,107.6,12.33,8.95,1.4,1.8,736.7,0407662,7276046,Hermione,
myv,33,2019-08-20,NA,1.5,311,8,107.9,12.38,8.98,1.4,1.8,736.7,0407662,7276046,Hermione,
myv,33,2019-08-20,NA,2,188,7.9,108.5,12.49,8.95,1.4,1.8,736.7,0407662,7276046,Hermione,
myv,33,2019-08-20,NA,2.5,141,7.9,108.6,12.5,8.99,1.4,1.8,736.7,0407662,7276046,Hermione,
myv,33,2019-08-20,NA,3,103,7.9,109,12.55,9.01,1.4,1.8,736.7,0407662,7276046,Hermione,
myv,2,2019-08-20,NA,0,610.4,9.2,114.5,12.77,NA,2.6,INF,736.7,0406269,7278008,Hermione,
myv,2,2019-08-20,NA,0.5,552.9,8.7,113.5,12.85,NA,3.6,INF,736.7,0406269,7278008,Hermione,
myv,2,2019-08-20,NA,1,390.2,8.3,112.6,12.83,NA,4.6,INF,736.7,0406269,7278008,Hermione,
myv,2,2019-08-20,NA,1.5,297.3,8.1,117.9,13.5,NA,5.6,INF,736.7,0406269,7278008,Hermione,
myv,2,2019-08-20,NA,2,291.2,8.1,117.6,13.45,NA,6.6,INF,736.7,0406269,7278008,Hermione,
myv,2,2019-08-20,NA,2.5,180.2,8,118.5,13.6,NA,7.6,INF,736.7,0406269,7278008,Hermione,
myv,4,2019-08-20,NA,0,115.4,9,110.9,12.42,NA,1.7,2,NA,0407676,7278635,NA,
myv,4,2019-08-20,NA,0.5,93.07,8.9,110.6,12.41,NA,1.7,2,NA,0407676,7278635,NA,
myv,4,2019-08-20,NA,1,109.1,8.2,111.3,12.64,NA,1.7,2,NA,0407676,7278635,NA,
myv,4,2019-08-20,NA,1.5,241.1,8,120.7,13.85,NA,1.7,2,NA,0407676,7278635,NA,
myv,4,2019-08-20,NA,2,207.8,8,121.1,13.86,NA,1.7,2,NA,0407676,7278635,NA,
myv,4,2019-08-20,NA,2.5,174.9,8,121.3,13.92,NA,1.7,2,NA,0407676,7278635,NA,
myv,5,2019-08-20,NA,0,667.6,8.5,115.6,13.1,NA,1.6,2,NA,0409767,7276432,NA,
myv,5,2019-08-20,NA,0.5,453.9,8.4,115.5,13.12,NA,1.6,2,NA,0409767,7276432,NA,
myv,5,2019-08-20,NA,1,413.4,8.5,115.5,13.09,NA,1.6,2,NA,0409767,7276432,NA,
myv,5,2019-08-20,NA,1.5,341.8,8.4,115.2,13.08,NA,1.6,2,NA,0409767,7276432,NA,
myv,5,2019-08-20,NA,2,240.7,8,118.6,13.64,NA,1.6,2,NA,0409767,7276432,NA,
myv,5,2019-08-20,NA,2.5,163.9,8,123.3,14.17,NA,1.6,2,NA,0409767,7276432,NA,
myv,6,2019-08-20,NA,0,370,7.7,115,13.31,NA,INF,INF,NA,0408940,7274373,NA,
myv,6,2019-08-20,NA,0.5,413,7.6,115,13.33,NA,INF,INF,NA,0408940,7274373,NA,
myv,6,2019-08-20,NA,1,159.1,7.6,115.5,13.38,NA,INF,INF,NA,0408940,7274373,NA,
myv,6,2019-08-20,NA,1.5,237.3,7.6,115.2,13.33,NA,INF,INF,NA,0408940,7274373,NA,
myv,6,2019-08-20,NA,2,279.9,7.6,115,13.32,NA,INF,INF,NA,0408940,7274373,NA,
myv,Stop1,2020-03-08,15:00,0,NA,NA,NA,NA,NA,NA,NA,NA,406454,7274463,Harry,
myv,Stop1,2020-03-08,15:00,0.5,NA,NA,NA,NA,NA,NA,NA,NA,406454,7274463,Harry,
myv,Stop1,2020-03-08,15:00,1,NA,0.1,77.6,10.79,NA,NA,NA,NA,406454,7274463,Harry,
myv,Stop1,2020-03-08,15:00,1.5,NA,0.7,76,10.33,NA,NA,NA,NA,406454,7274463,Harry,
myv,Stop1,2020-03-08,15:00,2,NA,2.1,52.3,6.85,NA,NA,NA,NA,406454,7274463,Harry,
myv,Stop1,2020-03-08,15:00,2.5,NA,3.4,3.3,0.43,NA,NA,NA,NA,406454,7274463,Harry,
myv,1,2020-03-09,13:20,0,NA,NA,NA,NA,NA,NA,NA,NA,405945,7274352,Harry,
myv,1,2020-03-09,13:20,0.5,NA,NA,NA,NA,NA,NA,NA,NA,405945,7274352,Harry,
myv,1,2020-03-09,13:20,1,NA,0.6,89.7,12.36,NA,NA,NA,NA,405945,7274352,Harry,
myv,1,2020-03-09,13:20,1.5,NA,1.3,38.4,5.19,NA,NA,NA,NA,405945,7274352,Harry,
myv,1,2020-03-09,13:20,2,NA,2.2,13.4,1.78,NA,NA,NA,NA,405945,7274352,Harry,
myv,1,2020-03-09,13:20,2.5,NA,3.3,2.8,0.25,NA,NA,NA,NA,405945,7274352,Harry,
myv,Stop3,2020-03-10,12:18,0,NA,NA,NA,NA,NA,NA,NA,NA,405946,7273958,Harry,
myv,Stop3,2020-03-10,12:18,0.5,NA,NA,NA,NA,NA,NA,NA,NA,405946,7273958,Harry,
myv,Stop3,2020-03-10,12:18,1,48.4,0.9,87,11.7,NA,NA,NA,NA,405946,7273958,Harry,
myv,Stop3,2020-03-10,12:18,1.5,38,1.4,63,8.36,NA,NA,NA,NA,405946,7273958,Harry,
myv,Stop3,2020-03-10,12:18,2,23.3,2.2,17.8,2.31,NA,NA,NA,NA,405946,7273958,Harry,
myv,Stop3,2020-03-10,12:18,2.5,NA,2.6,2.5,0.31,NA,NA,NA,NA,405946,7273958,Harry,
myv,Stop3,2020-03-13,13:00,0,NA,NA,NA,NA,NA,NA,NA,NA,405946,7273958,Harry,
myv,Stop3,2020-03-13,13:00,0.5,NA,NA,NA,NA,NA,NA,NA,NA,405946,7273958,Harry,
myv,Stop3,2020-03-13,13:00,1,NA,0.6,79.9,11.02,NA,NA,NA,NA,405946,7273958,Harry,
myv,Stop3,2020-03-13,13:00,1.5,NA,1.4,51.6,6.96,NA,NA,NA,NA,405946,7273958,Harry,
myv,Stop3,2020-03-13,13:00,2,NA,2.3,8.2,1.08,NA,NA,NA,NA,405946,7273958,Harry,
myv,Stop3,2020-03-13,13:00,2.5,NA,2.5,1.5,0.2,NA,NA,NA,NA,405946,7273958,Harry,
myv,1,2020-03-14,15:15,0,NA,NA,NA,NA,NA,NA,NA,NA,NA,NA,Harry,
myv,1,2020-03-14,15:15,0.5,NA,NA,NA,NA,NA,NA,NA,NA,NA,NA,Harry,
myv,1,2020-03-14,15:15,1,NA,1.4,85.2,11.55,NA,NA,NA,NA,NA,NA,Harry,
myv,1,2020-03-14,15:15,1.5,NA,1.5,51.4,6.92,NA,NA,NA,NA,NA,NA,Harry,
myv,1,2020-03-14,15:15,2,NA,2.4,3.1,0.41,NA,NA,NA,NA,NA,NA,Harry,
myv,1,2020-03-14,15:15,2.5,NA,3,2.8,0.36,NA,NA,NA,NA,NA,NA,Harry,
myv,Stop2,2020-03-08,12:00,0,NA,NA,NA,NA,NA,NA,NA,NA,407820,7275264,Harry; this is as close to st33 as we could get,
myv,Stop2,2020-03-08,12:00,0.5,NA,NA,NA,NA,NA,NA,NA,NA,407820,7275264,Harry; this is as close to st33 as we could get,
myv,Stop2,2020-03-08,12:00,1,NA,0.2,95.5,13.21,NA,NA,NA,NA,407820,7275264,Harry; this is as close to st33 as we could get,
myv,Stop2,2020-03-08,12:00,1.5,NA,0.6,83.5,11.42,NA,NA,NA,NA,407820,7275264,Harry; this is as close to st33 as we could get,
myv,Stop2,2020-03-08,12:00,2,NA,1.1,83.1,11.21,NA,NA,NA,NA,407820,7275264,Harry; this is as close to st33 as we could get,
myv,Stop2,2020-03-08,12:00,2.5,NA,1.9,77.8,10.27,NA,NA,NA,NA,407820,7275264,Harry; this is as close to st33 as we could get,
myv,33,2020-06-03,11:00,0,NA,11.1,104.9,11.27,NA,0.9,1.3,741.4,NA,NA,Hermione,
myv,33,2020-06-03,11:00,0.5,NA,11,105.4,11.34,NA,0.9,1.3,741.4,NA,NA,Hermione,
myv,33,2020-06-03,11:00,1,NA,10.5,106.7,11.62,NA,0.9,1.3,741.4,NA,NA,Hermione,
myv,33,2020-06-03,11:00,1.5,NA,10.4,107.9,11.9,NA,0.9,1.3,741.4,NA,NA,Hermione,
myv,33,2020-06-03,11:00,2,NA,10.3,110.2,12.06,NA,0.9,1.3,741.4,NA,NA,Hermione,
myv,33,2020-06-03,11:00,2.5,NA,10.3,110.1,12.03,NA,0.9,1.3,741.4,NA,NA,Hermione,
myv,33,2020-06-03,11:00,3,NA,10.3,110.5,12.1,NA,0.9,1.3,741.4,NA,NA,Hermione,
myv,33,2020-06-17,10:30,0,930,12.5,112.4,11.72,8.75,2.1,2.3,743.1,NA,NA,Hermione,
myv,33,2020-06-17,10:30,0.5,750,12.4,112.9,11.79,8.98,2.1,2.3,743.1,NA,NA,Hermione,
myv,33,2020-06-17,10:30,1,520,12.3,113.2,11.85,9.07,2.1,2.3,743.1,NA,NA,Hermione,
myv,33,2020-06-17,10:30,1.5,400,12.2,113.5,11.91,9.1,2.1,2.3,743.1,NA,NA,Hermione,
myv,33,2020-06-17,10:30,2,360,12.2,113.8,11.94,9.2,2.1,2.3,743.1,NA,NA,Hermione,
myv,33,2020-06-17,10:30,2.5,300,12.2,114,11.96,9.15,2.1,2.3,743.1,NA,NA,Hermione,
myv,33,2020-06-17,10:30,3,230,12.1,114.2,12.01,9.14,2.1,2.3,743.1,NA,NA,Hermione,
myv,33,2020-07-10,13:20,0,600,13.2,93.9,9.6,9.09,NA,NA,738.8,NA,NA,Hermione,
myv,33,2020-07-10,13:20,0.5,360,13.1,93.6,9.57,9.05,NA,NA,738.8,NA,NA,Hermione,
myv,33,2020-07-10,13:20,1,200,13,93.5,9.57,9.09,NA,NA,738.8,NA,NA,Hermione,
myv,33,2020-07-10,13:20,1.5,100,13,93.3,9.55,9.12,NA,NA,738.8,NA,NA,Hermione,
myv,33,2020-07-10,13:20,2,70,12.9,93,9.55,9.2,NA,NA,738.8,NA,NA,Hermione,
myv,33,2020-07-10,13:20,2.5,35,12.9,92.9,9.54,9.26,NA,NA,738.8,NA,NA,Hermione,
myv,33,2020-07-10,13:20,3,20,12.4,82.9,8.6,9.15,NA,NA,738.8,NA,NA,Hermione,
myv,33,2020-07-21,12:45,0,666,12.9,126.7,13.03,8.87,0.3,0.43,740.4,NA,NA,Hermione,
myv,33,2020-07-21,12:45,0.5,93,12,121.5,12.75,8.88,0.3,0.43,740.4,NA,NA,Hermione,
myv,33,2020-07-21,12:45,1,34,10.4,110.1,11.99,8.87,0.3,0.43,740.4,NA,NA,Hermione,
myv,33,2020-07-21,12:45,1.5,23,10.2,103.4,11.31,8.8,0.3,0.43,740.4,NA,NA,Hermione,
myv,33,2020-07-21,12:45,2,20,10.1,96.8,10.62,8.74,0.3,0.43,740.4,NA,NA,Hermione,
myv,33,2020-07-21,12:45,2.5,13.5,9.9,88.5,9.76,8.66,0.3,0.43,740.4,NA,NA,Hermione,
myv,33,2020-07-21,12:45,3,9.54,9.9,86.8,9.56,8.62,0.3,0.43,740.4,NA,NA,Hermione,
myv,33,2020-07-30,11:30,0,850,14,125.4,12.58,8.87,0.46,0.56,738.8,NA,NA,Hermione,
myv,33,2020-07-30,11:30,0.5,360,12.7,122.9,12.66,8.79,0.46,0.56,738.8,NA,NA,Hermione,
myv,33,2020-07-30,11:30,1,196,11.5,118.8,12.58,8.76,0.46,0.56,738.8,NA,NA,Hermione,
myv,33,2020-07-30,11:30,1.5,168,10.9,111.8,12.02,8.74,0.46,0.56,738.8,NA,NA,Hermione,
myv,33,2020-07-30,11:30,2,139,10.3,98.3,10.73,8.68,0.46,0.56,738.8,NA,NA,Hermione,
myv,33,2020-07-30,11:30,2.5,100,10.1,95.5,10.44,8.56,0.46,0.56,738.8,NA,NA,Hermione,
myv,33,2020-07-30,11:30,3,79,NA,95.2,10.42,8.49,0.46,0.56,738.8,NA,NA,Hermione,
myv,1,2020-08-03,NA,0,NA,11.7,112,11.67,NA,0.2,0.27,729.5,406012,7274507,Hermione,
myv,1,2020-08-03,NA,0.5,NA,11.6,107.9,11.26,NA,0.2,0.27,729.5,406012,7274507,Hermione,
myv,1,2020-08-03,NA,1,NA,11.5,100.1,10.48,NA,0.2,0.27,729.5,406012,7274507,Hermione,
myv,1,2020-08-03,NA,1.5,NA,11.4,95.9,10.05,NA,0.2,0.27,729.5,406012,7274507,Hermione,
myv,1,2020-08-03,NA,2,NA,11.4,95.2,9.77,NA,0.2,0.27,729.5,406012,7274507,Hermione,
myv,1,2020-08-03,NA,2.5,NA,11.4,92.6,9.71,NA,0.2,0.27,729.5,406012,7274507,Hermione,
myv,33,2020-08-03,NA,0,NA,11.5,109.5,11.45,NA,0.7,1,729.3,407551,7276107,Hermione,
myv,33,2020-08-03,NA,0.5,NA,11.4,109.3,11.47,NA,0.7,1,729.3,407551,7276107,Hermione,
myv,33,2020-08-03,NA,1,NA,11.4,109.1,11.44,NA,0.7,1,729.3,407551,7276107,Hermione,
myv,33,2020-08-03,NA,1.5,NA,11.2,107.5,11.32,NA,0.7,1,729.3,407551,7276107,Hermione,
myv,33,2020-08-03,NA,2,NA,11.2,106.2,11.18,NA,0.7,1,729.3,407551,7276107,Hermione,
myv,33,2020-08-03,NA,2.5,NA,11.1,102.4,10.81,NA,0.7,1,729.3,407551,7276107,Hermione,
myv,33,2020-08-03,NA,3,NA,11.1,102.2,10.74,NA,0.7,1,729.3,407551,7276107,Hermione,
myv,2,2020-08-03,NA,0,NA,12,112.8,11.66,NA,0.98,1.2,729.2,406392,7278031,Hermione,
myv,2,2020-08-03,NA,0.5,NA,11.8,112,11.64,NA,0.98,1.2,729.2,406392,7278031,Hermione,
myv,2,2020-08-03,NA,1,NA,11.6,110.8,11.55,NA,0.98,1.2,729.2,406392,7278031,Hermione,
myv,2,2020-08-03,NA,1.5,NA,11.5,108.5,11.35,NA,0.98,1.2,729.2,406392,7278031,Hermione,
myv,2,2020-08-03,NA,2,NA,11.4,106.2,11.13,NA,0.98,1.2,729.2,406392,7278031,Hermione,
myv,2,2020-08-03,NA,2.5,NA,11.4,104.7,10.96,NA,0.98,1.2,729.2,406392,7278031,Hermione,
myv,4,2020-08-03,NA,0,NA,12.3,117.3,12.05,NA,1.06,1.22,728.9,407649,7278506,Hermione,
myv,4,2020-08-03,NA,0.5,NA,12.1,118.3,12.2,NA,1.06,1.22,728.9,407649,7278506,Hermione,
myv,4,2020-08-03,NA,1,NA,11.7,118.3,12.31,NA,1.06,1.22,728.9,407649,7278506,Hermione,
myv,4,2020-08-03,NA,1.5,NA,11.5,115,12.04,NA,1.06,1.22,728.9,407649,7278506,Hermione,
myv,4,2020-08-03,NA,2,NA,11.4,107.5,11.29,NA,1.06,1.22,728.9,407649,7278506,Hermione,
myv,4,2020-08-03,NA,2.5,NA,11.3,102.9,10.81,NA,1.06,1.22,728.9,407649,7278506,Hermione,
myv,5,2020-08-03,NA,0,NA,11.9,117.7,12.19,NA,1.1,1.2,728.6,409768,7276311,Hermione,
myv,5,2020-08-03,NA,0.5,NA,11.8,117.7,12.22,NA,1.1,1.2,728.6,409768,7276311,Hermione,
myv,5,2020-08-03,NA,1,NA,11.8,117.3,12.17,NA,1.1,1.2,728.6,409768,7276311,Hermione,
myv,5,2020-08-03,NA,1.5,NA,11.6,114,11.88,NA,1.1,1.2,728.6,409768,7276311,Hermione,
myv,5,2020-08-03,NA,2,NA,11.2,107.3,11.27,NA,1.1,1.2,728.6,409768,7276311,Hermione,
myv,5,2020-08-03,NA,2.5,NA,11.2,107.6,11.32,NA,1.1,1.2,728.6,409768,7276311,Hermione,
myv,6,2020-08-03,NA,0,NA,11.7,134.8,14.03,NA,0.19,0.3,728.2,408920,7274385,Hermione,
myv,6,2020-08-03,NA,0.5,NA,11.7,134.3,13.98,NA,0.19,0.3,728.2,408920,7274385,Hermione,
myv,6,2020-08-03,NA,1,NA,11.4,128.7,13.47,NA,0.19,0.3,728.2,408920,7274385,Hermione,
myv,6,2020-08-03,NA,1.5,NA,9.9,109.6,11.89,NA,0.19,0.3,728.2,408920,7274385,Hermione,
myv,6,2020-08-03,NA,2,NA,9.9,108.5,11.76,NA,0.19,0.3,728.2,408920,7274385,Hermione,
myv,6,2020-08-03,NA,2.5,NA,9.8,106.7,11.57,NA,0.19,0.3,728.2,408920,7274385,Hermione,
myv,33,2020-08-12,10:50,0,650,12.7,113.6,11.76,8.98,0.75,0.85,741.4,NA,NA,Hermione,
myv,33,2020-08-12,10:50,0.5,205,12.7,113.2,11.72,8.86,0.75,0.85,741.4,NA,NA,Hermione,
myv,33,2020-08-12,10:50,1,90,12.6,113,11.72,8.82,0.75,0.85,741.4,NA,NA,Hermione,
myv,33,2020-08-12,10:50,1.5,33,12.6,111.9,11.6,8.82,0.75,0.85,741.4,NA,NA,Hermione,
myv,33,2020-08-12,10:50,2,15,12.5,110.8,11.51,8.82,0.75,0.85,741.4,NA,NA,Hermione,
myv,33,2020-08-12,10:50,2.5,7.4,12.5,107.6,11.2,8.81,0.75,0.85,741.4,NA,NA,Hermione,
myv,33,2020-08-12,10:50,3,3.9,12.4,104.1,10.84,8.81,0.75,0.85,741.4,NA,NA,Hermione,
myv,33,2020-08-22,10:54,0,699.6,11.4,114.1,12.06,9.04,0.42,0.55,735,NA,NA,Hermione,
myv,33,2020-08-22,10:54,0.5,236.6,11.4,114.3,12.08,8.84,0.42,0.55,735,NA,NA,Hermione,
myv,33,2020-08-22,10:54,1,45.19,11.3,113.9,12.07,8.74,0.42,0.55,735,NA,NA,Hermione,
myv,33,2020-08-22,10:54,1.5,15.32,11.2,111.5,11.84,8.75,0.42,0.55,735,NA,NA,Hermione,
myv,33,2020-08-22,10:54,2,5.775,11.2,110.1,11.69,8.75,0.42,0.55,735,NA,NA,Hermione,
myv,33,2020-08-22,10:54,2.5,2.06,11.2,107.9,11.47,8.75,0.42,0.55,735,NA,NA,Hermione,
myv,33,2020-08-22,10:54,3,0.9624,11.2,105.7,11.22,8.74,0.42,0.55,735,NA,NA,Hermione,
myv,1,2020-09-01,06:20,0,30,11.4,106.3,11.05,NA,NA,NA,723.5,406010,7274508,Hermione,
myv,1,2020-09-01,06:20,0.5,11,11.5,106.3,11.04,NA,NA,NA,723.5,406010,7274508,Hermione,
myv,1,2020-09-01,06:20,1,2.1,11.5,106.3,11.04,NA,NA,NA,723.5,406010,7274508,Hermione,
myv,1,2020-09-01,06:20,1.5,0.55,11.5,105.9,10.99,NA,NA,NA,723.5,406010,7274508,Hermione,
myv,1,2020-09-01,06:20,2,0.18,11.5,105.8,10.98,NA,NA,NA,723.5,406010,7274508,Hermione,
myv,1,2020-09-01,06:20,2.5,0.07,11.5,105.6,10.96,NA,NA,NA,723.5,406010,7274508,Hermione,
myv,2,2020-09-01,08:00,0,40.5,11.2,102.3,10.69,NA,NA,NA,723.5,406383,7278037,Hermione,
myv,2,2020-09-01,08:00,0.5,25.3,11.2,102.1,10.66,NA,NA,NA,723.5,406383,7278037,Hermione,
myv,2,2020-09-01,08:00,1,18.7,11.2,102.2,10.68,NA,NA,NA,723.5,406383,7278037,Hermione,
myv,2,2020-09-01,08:00,1.5,9.9,11.2,101.9,10.64,NA,NA,NA,723.5,406383,7278037,Hermione,
myv,2,2020-09-01,08:00,2,5.3,11.2,101.3,10.58,NA,NA,NA,723.5,406383,7278037,Hermione,
myv,2,2020-09-01,08:00,2.5,3.18,11.2,101.7,10.6,NA,NA,NA,723.5,406383,7278037,Hermione,
myv,33,2020-09-01,06:55,0,36,11.5,101.2,10.5,NA,NA,NA,723.5,407562,7276106,Hermione,
myv,33,2020-09-01,06:55,0.5,17,11.5,101.1,10.49,NA,NA,NA,723.5,407562,7276106,Hermione,
myv,33,2020-09-01,06:55,1,6.3,11.5,101,10.47,NA,NA,NA,723.5,407562,7276106,Hermione,
myv,33,2020-09-01,06:55,1.5,2.9,11.5,100.5,10.44,NA,NA,NA,723.5,407562,7276106,Hermione,
myv,33,2020-09-01,06:55,2,1.1,11.5,100.4,10.42,NA,NA,NA,723.5,407562,7276106,Hermione,
myv,33,2020-09-01,06:55,2.5,0.51,11.5,99.7,10.34,NA,NA,NA,723.5,407562,7276106,Hermione,
myv,33,2020-09-01,06:55,3,0.25,11.5,97.9,10.19,NA,NA,NA,723.5,407562,7276106,Hermione,
myv,4,2020-09-01,08:30,0,63,11.4,100.9,10.49,NA,NA,NA,723.5,407660,7278510,Hermione,
myv,4,2020-09-01,08:30,0.5,43.5,11.4,100.9,10.49,NA,NA,NA,723.5,407660,7278510,Hermione,
myv,4,2020-09-01,08:30,1,18.6,11.4,100.8,10.48,NA,NA,NA,723.5,407660,7278510,Hermione,
myv,4,2020-09-01,08:30,1.5,8.3,11.4,100.7,10.47,NA,NA,NA,723.5,407660,7278510,Hermione,
myv,4,2020-09-01,08:30,2,4.8,11.4,100.4,10.45,NA,NA,NA,723.5,407660,7278510,Hermione,
myv,4,2020-09-01,08:30,2.5,2.7,11.4,100.4,10.44,NA,NA,NA,723.5,407660,7278510,Hermione,
myv,5,2020-09-01,09:10,0,104,10.8,107.3,11.31,NA,NA,NA,723.5,409744,7276304,Hermione,
myv,5,2020-09-01,09:10,0.5,25,10.8,10.63,11.21,NA,NA,NA,723.5,409744,7276304,Hermione,
myv,5,2020-09-01,09:10,1,6.3,10.7,100.7,10.64,NA,NA,NA,723.5,409744,7276304,Hermione,
myv,5,2020-09-01,09:10,1.5,2.9,10.6,98.7,10.45,NA,NA,NA,723.5,409744,7276304,Hermione,
myv,5,2020-09-01,09:10,2,0.98,10.6,98.4,10.42,NA,NA,NA,723.5,409744,7276304,Hermione,
myv,6,2020-09-01,09:40,0,92,9.9,106.9,11.51,NA,NA,NA,723.5,408922,7274384,Hermione,
myv,6,2020-09-01,09:40,0.5,68,9.9,106.9,11.51,NA,NA,NA,723.5,408922,7274384,Hermione,
myv,6,2020-09-01,09:40,1,42,9.8,106.9,11.51,NA,NA,NA,723.5,408922,7274384,Hermione,
myv,6,2020-09-01,09:40,1.5,30,9.9,106.8,11.53,NA,NA,NA,723.5,408922,7274384,Hermione,
myv,6,2020-09-01,09:40,2,20,9.8,106.7,11.51,NA,NA,NA,723.5,408922,7274384,Hermione,
myv,6,2020-09-01,09:40,2.5,16,9.4,106,11.54,NA,NA,NA,723.5,408922,7274384,Hermione,
